"raw_record_id","event_date","period","region_name","location","category","subcategory","status","owner_group","quantity","metric_value","metric_cost","score","cycle_hours","sla_met","risk_flag","notes"
"FIELDMAINTENANCE-00001","2025-07-20","2025-07","Southern","Team Tabuk","Corrective","Power","In Progress","Vendor Services","10","3752.14","1320.75","89","7.76","No","At Risk","SYNTHETIC DEMO DATA — Work orders, preventive and corrective maintenance, response times, SLA compliance, and technician productivity."
"FIELDMAINTENANCE-00002","2025-08-02","2025-08","Western","Team Abha","Emergency","Civil","Closed","Field Central","7","5508.74","2005.18","89","8.36","Yes","Controlled","SYNTHETIC DEMO DATA — Work orders, preventive and corrective maintenance, response times, SLA compliance, and technician productivity."
"FIELDMAINTENANCE-00003","2025-08-15","2025-08","Northern","Team Riyadh","Inspection","Cooling","Closed","Vendor Services","4","4772.44","1794.44","90","8.96","Yes","Controlled","SYNTHETIC DEMO DATA — Work orders, preventive and corrective maintenance, response times, SLA compliance, and technician productivity."
"FIELDMAINTENANCE-00004","2025-08-28","2025-08","Central","Team Jeddah","Preventive","Radio","Escalated","Field Central","1","6573.03","2550.34","91","9.57","Yes","At Risk","SYNTHETIC DEMO DATA — Work orders, preventive and corrective maintenance, response times, SLA compliance, and technician productivity."
"FIELDMAINTENANCE-00005","2025-09-10","2025-09","Eastern","Team Dammam","Corrective","Power","In Progress","Vendor Services","10","6686.39","2273.37","92","10.18","Yes","Controlled","SYNTHETIC DEMO DATA — Work orders, preventive and corrective maintenance, response times, SLA compliance, and technician productivity."
"FIELDMAINTENANCE-00006","2025-09-23","2025-09","Southern","Team Tabuk","Emergency","Civil","Closed","Field Central","7","5618.66","1977.77","93","10.78","Yes","Controlled","SYNTHETIC DEMO DATA — Work orders, preventive and corrective maintenance, response times, SLA compliance, and technician productivity."
"FIELDMAINTENANCE-00007","2025-10-06","2025-10","Western","Team Abha","Inspection","Cooling","Closed","Vendor Services","4","5969.07","2172.74","94","11.39","Yes","Controlled","SYNTHETIC DEMO DATA — Work orders, preventive and corrective maintenance, response times, SLA compliance, and technician productivity."
"FIELDMAINTENANCE-00008","2025-10-19","2025-10","Northern","Team Riyadh","Preventive","Radio","Escalated","Field Central","1","5091.27","1914.32","95","11.99","Yes","At Risk","SYNTHETIC DEMO DATA — Work orders, preventive and corrective maintenance, response times, SLA compliance, and technician productivity."
"FIELDMAINTENANCE-00009","2025-11-01","2025-11","Central","Team Jeddah","Corrective","Power","In Progress","Vendor Services","10","4353.82","1689.28","95","12.6","No","At Risk","SYNTHETIC DEMO DATA — Work orders, preventive and corrective maintenance, response times, SLA compliance, and technician productivity."
"FIELDMAINTENANCE-00010","2025-11-14","2025-11","Eastern","Team Dammam","Emergency","Civil","Closed","Field Central","7","4289.25","1458.34","96","13.2","No","At Risk","SYNTHETIC DEMO DATA — Work orders, preventive and corrective maintenance, response times, SLA compliance, and technician productivity."
"FIELDMAINTENANCE-00011","2025-11-27","2025-11",,"Team Tabuk","Inspection","Cooling","Closed","Vendor Services","4","3657.9","1287.58","88","13.8","Yes","Controlled","SYNTHETIC DEMO DATA — Work orders, preventive and corrective maintenance, response times, SLA compliance, and technician productivity."
"FIELDMAINTENANCE-00012","2025-12-10","2025-12","Western","Team Abha","Preventive","Radio","Escalated","Field Central","1","5378.24","1957.68","89","14.41","Yes","At Risk","SYNTHETIC DEMO DATA — Work orders, preventive and corrective maintenance, response times, SLA compliance, and technician productivity."
"FIELDMAINTENANCE-00013","2025-12-23","2025-12","Northern","Team Riyadh","Corrective","Power","In Progress","Vendor Services","10","4641.39","1745.16","89","7.15","Yes","Controlled","SYNTHETIC DEMO DATA — Work orders, preventive and corrective maintenance, response times, SLA compliance, and technician productivity."
"FIELDMAINTENANCE-00014","2026-01-05","2026-01","Central","Team Jeddah","Emergency","Civil","Closed","Field Central","7","6839.42","2653.69","90","7.76","Yes","Controlled","SYNTHETIC DEMO DATA — Work orders, preventive and corrective maintenance, response times, SLA compliance, and technician productivity."
"FIELDMAINTENANCE-00015","2026-01-18","2026-01","Eastern","Team Dammam","Inspection","Cooling","Closed","Vendor Services","4","6605.83","2245.98","91","8.36","Yes","Controlled","SYNTHETIC DEMO DATA — Work orders, preventive and corrective maintenance, response times, SLA compliance, and technician productivity."
"FIELDMAINTENANCE-00016","2026-01-31","2026-01","Southern","Team Tabuk","Preventive","Radio","Escalated","Field Central","1","5535.73","1948.58","92","8.96","Yes","At Risk","SYNTHETIC DEMO DATA — Work orders, preventive and corrective maintenance, response times, SLA compliance, and technician productivity."
"FIELDMAINTENANCE-00017","2026-02-13","2026-02","Western","Team Abha","Corrective","Power","In Progress","Vendor Services","10","7966.49","2899.8","93","9.57","Yes","Controlled","SYNTHETIC DEMO DATA — Work orders, preventive and corrective maintenance, response times, SLA compliance, and technician productivity."
"FIELDMAINTENANCE-00018","2026-02-26","2026-02","Northern","Team Riyadh","Emergency","Civil","Closed","Field Central","7","4017.58","1510.61","94","10.18","No","At Risk","SYNTHETIC DEMO DATA — Work orders, preventive and corrective maintenance, response times, SLA compliance, and technician productivity."
"FIELDMAINTENANCE-00019","2026-03-11","2026-03","Central","Team Jeddah","Inspection","Cooling","Closed","Vendor Services","4","5887.95","2284.52","95","10.78","No","At Risk","SYNTHETIC DEMO DATA — Work orders, preventive and corrective maintenance, response times, SLA compliance, and technician productivity."
"FIELDMAINTENANCE-00020","2026-03-24","2026-03","Eastern","Team Dammam","Preventive","Radio","Escalated","Field Central","1","5771.41","1962.28","95","11.39","Yes","At Risk","SYNTHETIC DEMO DATA — Work orders, preventive and corrective maintenance, response times, SLA compliance, and technician productivity."
"FIELDMAINTENANCE-00021","2026-04-06","2026-04","Southern","Team Tabuk","Corrective","Power","In Progress","Vendor Services","10","3796.25","1336.28","96","11.99","Yes","Controlled","SYNTHETIC DEMO DATA — Work orders, preventive and corrective maintenance, response times, SLA compliance, and technician productivity."
"FIELDMAINTENANCE-00022","2026-04-19","2026-04","Western","Team Abha","Emergency","Civil","Closed","Field Central","7","5251.2","1911.44","88","12.6","Yes","Controlled","SYNTHETIC DEMO DATA — Work orders, preventive and corrective maintenance, response times, SLA compliance, and technician productivity."
"FIELDMAINTENANCE-00023","2026-05-02","2026-05","Northern","Team Riyadh","Inspection","Cooling","Closed","Vendor Services","4","4798.5","1804.24","89","13.2","Yes","Controlled","SYNTHETIC DEMO DATA — Work orders, preventive and corrective maintenance, response times, SLA compliance, and technician productivity."
"FIELDMAINTENANCE-00024","2026-05-15","2026-05","Central","Team Jeddah","Preventive","Radio","Escalated","Field Central","1","6566.18","2547.68","89","13.8","Yes","At Risk","SYNTHETIC DEMO DATA — Work orders, preventive and corrective maintenance, response times, SLA compliance, and technician productivity."
"FIELDMAINTENANCE-00025","2026-05-28","2026-05","Eastern","Team Dammam","Corrective","Power","In Progress","Vendor Services","10","6324.52","2150.34","90","14.41","Yes","Controlled","SYNTHETIC DEMO DATA — Work orders, preventive and corrective maintenance, response times, SLA compliance, and technician productivity."
"FIELDMAINTENANCE-00026","2026-06-10","2026-06","Southern","Team Tabuk","Emergency","Civil","Closed","Field Central","7","5597.85","1970.44","91","7.15","Yes","Controlled","SYNTHETIC DEMO DATA — Work orders, preventive and corrective maintenance, response times, SLA compliance, and technician productivity."
"FIELDMAINTENANCE-00027","2026-06-23","2026-06","Western","Team Abha","Inspection","Cooling","Closed","Vendor Services","4","4524.97","1647.09","92","7.76","No","At Risk","SYNTHETIC DEMO DATA — Work orders, preventive and corrective maintenance, response times, SLA compliance, and technician productivity."
"FIELDMAINTENANCE-00028","2025-01-12","2025-01","Northern","Team Riyadh","Preventive","Radio","Escalated","Field Central","1","3832.33","1440.96","93","8.36","No","At Risk","SYNTHETIC DEMO DATA — Work orders, preventive and corrective maintenance, response times, SLA compliance, and technician productivity."
"FIELDMAINTENANCE-00029","2025-01-25","2025-01","Central","Team Jeddah","Corrective","Power","In Progress","Vendor Services","10","5322.06","2064.96","94","8.96","Yes","Controlled","SYNTHETIC DEMO DATA — Work orders, preventive and corrective maintenance, response times, SLA compliance, and technician productivity."
"FIELDMAINTENANCE-00030","2025-02-07","2025-02","Eastern","Team Dammam","Emergency","Civil","Closed","Field Central","7","5467.18","1858.84","95","9.57","Yes","Controlled","SYNTHETIC DEMO DATA — Work orders, preventive and corrective maintenance, response times, SLA compliance, and technician productivity."
"FIELDMAINTENANCE-00031","2025-02-20","2025-02","Southern","Team Tabuk","Inspection","Cooling","Closed","Vendor Services","4","4624.05","1627.67","95","10.18","Yes","Controlled","SYNTHETIC DEMO DATA — Work orders, preventive and corrective maintenance, response times, SLA compliance, and technician productivity."
"FIELDMAINTENANCE-00032","2025-03-05","2025-03","Western","Team Abha","Preventive","Radio","Escalated","Field Central","1","6693.09","2436.28","96","10.78","Yes","At Risk","SYNTHETIC DEMO DATA — Work orders, preventive and corrective maintenance, response times, SLA compliance, and technician productivity."
"FIELDMAINTENANCE-00033","2025-03-18","2025-03","Northern","Team Riyadh","Corrective","Power","In Progress","Vendor Services","10","5738.73","2157.76","88","11.39","Yes","Controlled","SYNTHETIC DEMO DATA — Work orders, preventive and corrective maintenance, response times, SLA compliance, and technician productivity."
"FIELDMAINTENANCE-00034","2025-03-31","2025-03","Central","Team Jeddah","Emergency","Civil","Closed","Field Central","7","7831.22","3038.51","89","11.99","Yes","Controlled","SYNTHETIC DEMO DATA — Work orders, preventive and corrective maintenance, response times, SLA compliance, and technician productivity."
"FIELDMAINTENANCE-00035","2025-04-13","2025-04","Eastern","Team Dammam","Inspection","Cooling","Closed","Vendor Services","4","5836","1984.24","89","12.6","Yes","Controlled","SYNTHETIC DEMO DATA — Work orders, preventive and corrective maintenance, response times, SLA compliance, and technician productivity."
"FIELDMAINTENANCE-00036","2025-04-26","2025-04","Southern","Team Tabuk","Preventive","Radio","Escalated","Field Central","1","2884.46","1015.33","90","13.2","No","At Risk","SYNTHETIC DEMO DATA — Work orders, preventive and corrective maintenance, response times, SLA compliance, and technician productivity."
"FIELDMAINTENANCE-00037","2025-05-09","2025-05","Western","Team Abha","Corrective","Power","In Progress","Vendor Services","10","4296.18","1563.81","91","13.8","No","At Risk","SYNTHETIC DEMO DATA — Work orders, preventive and corrective maintenance, response times, SLA compliance, and technician productivity."
"FIELDMAINTENANCE-00038","2025-05-22","2025-05","Northern","Team Riyadh","Emergency","Civil","Closed","Field Central","7","3738.37","1405.63","92","14.41","Yes","Controlled","SYNTHETIC DEMO DATA — Work orders, preventive and corrective maintenance, response times, SLA compliance, and technician productivity."
"FIELDMAINTENANCE-00039","2025-06-04","2025-06","Central","Team Jeddah","Inspection","Cooling","Closed","Vendor Services","4","5472.83","2123.46","93","7.15","Yes","Controlled","SYNTHETIC DEMO DATA — Work orders, preventive and corrective maintenance, response times, SLA compliance, and technician productivity."
"FIELDMAINTENANCE-00040","2025-06-17","2025-06","Eastern","Team Dammam","Preventive","Radio","Escalated","Field Central","1","5320.32","1808.91","94","7.76","Yes","At Risk","SYNTHETIC DEMO DATA — Work orders, preventive and corrective maintenance, response times, SLA compliance, and technician productivity."
"FIELDMAINTENANCE-00041","2025-06-30","2025-06","Southern","Team Tabuk","Corrective","Power","In Progress","Vendor Services","10","4563.73","1606.43","95","8.36","Yes","Controlled","SYNTHETIC DEMO DATA — Work orders, preventive and corrective maintenance, response times, SLA compliance, and technician productivity."
"FIELDMAINTENANCE-00042","2025-07-13","2025-07","Western","Team Abha","Emergency","Civil","Closed","Field Central","7","6620.44","2409.84","95","8.96","Yes","Controlled","SYNTHETIC DEMO DATA — Work orders, preventive and corrective maintenance, response times, SLA compliance, and technician productivity."
"FIELDMAINTENANCE-00043","2025-07-26","2025-07","Northern","Team Riyadh","Inspection","Cooling","Closed","Vendor Services","4","5660.87","2128.49","96","9.57","Yes","Controlled","SYNTHETIC DEMO DATA — Work orders, preventive and corrective maintenance, response times, SLA compliance, and technician productivity."
"FIELDMAINTENANCE-00044","2025-08-08","2025-08","Central","Team Jeddah","Preventive","Radio","Escalated","Field Central","1","8111.4","3147.22","88","10.18","Yes","At Risk","SYNTHETIC DEMO DATA — Work orders, preventive and corrective maintenance, response times, SLA compliance, and technician productivity."
"FIELDMAINTENANCE-00045","2025-08-21","2025-08","Eastern","Team Dammam","Corrective","Power","In Progress","Vendor Services","10","4608","1566.72","89","10.78","No","At Risk","SYNTHETIC DEMO DATA — Work orders, preventive and corrective maintenance, response times, SLA compliance, and technician productivity."
"FIELDMAINTENANCE-00046","2025-09-03","2025-09","Southern","Team Tabuk","Emergency","Civil","Closed","Field Central","7","4147.11","1459.78","89","11.39","No","At Risk","SYNTHETIC DEMO DATA — Work orders, preventive and corrective maintenance, response times, SLA compliance, and technician productivity."
"FIELDMAINTENANCE-00047","2025-09-16","2025-09","Western","Team Abha","Inspection","Cooling","Closed","Vendor Services","4","5784.17","2105.44","90","11.99","Yes","Controlled","SYNTHETIC DEMO DATA — Work orders, preventive and corrective maintenance, response times, SLA compliance, and technician productivity."
"FIELDMAINTENANCE-00048","2025-09-29","2025-09","Northern","Team Riyadh","Preventive","Radio","Escalated","Field Central","1","5098.13","1916.9","91","12.6","Yes","At Risk","SYNTHETIC DEMO DATA — Work orders, preventive and corrective maintenance, response times, SLA compliance, and technician productivity."
"FIELDMAINTENANCE-00049","2025-10-12","2025-10","Central","Team Jeddah","Corrective","Power","In Progress","Vendor Services","10","5349.79","2075.72","92","13.2","Yes","Controlled","SYNTHETIC DEMO DATA — Work orders, preventive and corrective maintenance, response times, SLA compliance, and technician productivity."
"FIELDMAINTENANCE-00050","2025-10-25","2025-10","Eastern","Team Dammam","Emergency","Civil","Closed","Field Central","7","5182.91","1762.19","93","13.8","Yes","Controlled","SYNTHETIC DEMO DATA — Work orders, preventive and corrective maintenance, response times, SLA compliance, and technician productivity."
"FIELDMAINTENANCE-00051","2025-11-07","2025-11","southern","Team Tabuk","Inspection","Cooling","Closed","Vendor Services","4","4627.47","1628.87","94","14.41","Yes","Controlled","SYNTHETIC DEMO DATA — Work orders, preventive and corrective maintenance, response times, SLA compliance, and technician productivity."
"FIELDMAINTENANCE-00052","2025-11-20","2025-11","Western","Team Abha","Preventive","Radio","Escalated","Field Central","1","6342.14","2308.54","95","7.15","Yes","At Risk","SYNTHETIC DEMO DATA — Work orders, preventive and corrective maintenance, response times, SLA compliance, and technician productivity."
"FIELDMAINTENANCE-00053","2025-12-03","2025-12","Northern","Team Riyadh","Corrective","Power","In Progress","Vendor Services","10","5727.68","2153.61","95","7.76","Yes","Controlled","SYNTHETIC DEMO DATA — Work orders, preventive and corrective maintenance, response times, SLA compliance, and technician productivity."
"FIELDMAINTENANCE-00054","2025-12-16","2025-12","Central","Team Jeddah","Emergency","Civil","Closed","Field Central","7","4609.92","1788.65","96","8.36","No","At Risk","SYNTHETIC DEMO DATA — Work orders, preventive and corrective maintenance, response times, SLA compliance, and technician productivity."
"FIELDMAINTENANCE-00055","2025-12-29","2025-12","Eastern","Team Dammam","Inspection","Cooling","Closed","Vendor Services","4","4619.12","1570.5","88","8.96","No","At Risk","SYNTHETIC DEMO DATA — Work orders, preventive and corrective maintenance, response times, SLA compliance, and technician productivity."
"FIELDMAINTENANCE-00056","2026-01-11","2026-01","Southern","Team Tabuk","Preventive","Radio","Escalated","Field Central","1","4158.06","1463.64","89","9.57","Yes","At Risk","SYNTHETIC DEMO DATA — Work orders, preventive and corrective maintenance, response times, SLA compliance, and technician productivity."
"FIELDMAINTENANCE-00057","2026-01-24","2026-01","Western","Team Abha","Corrective","Power","In Progress","Vendor Services","10","5773.99","2101.73","89","10.18","Yes","Controlled","SYNTHETIC DEMO DATA — Work orders, preventive and corrective maintenance, response times, SLA compliance, and technician productivity."
"FIELDMAINTENANCE-00058","2026-02-06","2026-02","Northern","Team Riyadh","Emergency","Civil","Closed","Field Central","7","5245.18","1972.19","90","10.78","Yes","Controlled","SYNTHETIC DEMO DATA — Work orders, preventive and corrective maintenance, response times, SLA compliance, and technician productivity."
"FIELDMAINTENANCE-00059","2026-02-19","2026-02","Central","Team Jeddah","Inspection","Cooling","Closed","Vendor Services","4","7199.39","2793.36","91","11.39","Yes","Controlled","SYNTHETIC DEMO DATA — Work orders, preventive and corrective maintenance, response times, SLA compliance, and technician productivity."
"FIELDMAINTENANCE-00060","2026-03-04","2026-03","Eastern","Team Dammam","Preventive","Radio","Escalated","Field Central","1","7301.18","2482.4","92","11.99","Yes","At Risk","SYNTHETIC DEMO DATA — Work orders, preventive and corrective maintenance, response times, SLA compliance, and technician productivity."
"FIELDMAINTENANCE-00061","2026-03-17","2026-03","Southern","Team Tabuk","Corrective","Power","In Progress","Vendor Services","10","6118.44","2153.69","93","12.6","Yes","Controlled","SYNTHETIC DEMO DATA — Work orders, preventive and corrective maintenance, response times, SLA compliance, and technician productivity."
"FIELDMAINTENANCE-00062","2026-03-30","2026-03","Western","Team Abha","Emergency","Civil","Closed","Field Central","7","8505.26","3095.91","94","13.2","Yes","Controlled","SYNTHETIC DEMO DATA — Work orders, preventive and corrective maintenance, response times, SLA compliance, and technician productivity."
"FIELDMAINTENANCE-00063","2026-04-12","2026-04","Northern","Team Riyadh","Inspection","Cooling","Closed","Vendor Services","4","3268.03","1228.78","95","13.8","No","At Risk","SYNTHETIC DEMO DATA — Work orders, preventive and corrective maintenance, response times, SLA compliance, and technician productivity."
"FIELDMAINTENANCE-00064","2026-04-25","2026-04","Central","Team Jeddah","Preventive","Radio","Escalated","Field Central","1","4561.38","1769.82","95","14.41","No","At Risk","SYNTHETIC DEMO DATA — Work orders, preventive and corrective maintenance, response times, SLA compliance, and technician productivity."
"FIELDMAINTENANCE-00065","2026-05-08","2026-05","Eastern","Team Dammam","Corrective","Power","In Progress","Vendor Services","10","4750.54","1615.18","96","7.15","Yes","Controlled","SYNTHETIC DEMO DATA — Work orders, preventive and corrective maintenance, response times, SLA compliance, and technician productivity."
"FIELDMAINTENANCE-00066","2026-05-21","2026-05","Southern","Team Tabuk","Emergency","Civil","Closed","Field Central","7","4033.51","1419.8","88","7.76","Yes","Controlled","SYNTHETIC DEMO DATA — Work orders, preventive and corrective maintenance, response times, SLA compliance, and technician productivity."
"FIELDMAINTENANCE-00067","2026-06-03","2026-06","Western","Team Abha","Inspection","Cooling","Closed","Vendor Services","4","5907.6","2150.37","89","8.36","Yes","Controlled","SYNTHETIC DEMO DATA — Work orders, preventive and corrective maintenance, response times, SLA compliance, and technician productivity."
"FIELDMAINTENANCE-00068","2026-06-16","2026-06","Northern","Team Riyadh","Preventive","Radio","Escalated","Field Central","1","5080.77","1910.37","89","8.96","Yes","At Risk","SYNTHETIC DEMO DATA — Work orders, preventive and corrective maintenance, response times, SLA compliance, and technician productivity."
"FIELDMAINTENANCE-00069","2025-01-05","2025-01","Central","Team Jeddah","Corrective","Power","In Progress","Vendor Services","10","6732.73","2612.3","90","9.57","Yes","Controlled","SYNTHETIC DEMO DATA — Work orders, preventive and corrective maintenance, response times, SLA compliance, and technician productivity."
"FIELDMAINTENANCE-00070","2025-01-18","2025-01","Eastern","Team Dammam","Emergency","Civil","Closed","Field Central","7","6484.94","2204.88","91","10.18","Yes","Controlled","SYNTHETIC DEMO DATA — Work orders, preventive and corrective maintenance, response times, SLA compliance, and technician productivity."
"FIELDMAINTENANCE-00071","2025-01-31","2025-01","Southern","Team Tabuk","Inspection","Cooling","Closed","Vendor Services","4","5420.96","1908.18","92","10.78","Yes","Controlled","SYNTHETIC DEMO DATA — Work orders, preventive and corrective maintenance, response times, SLA compliance, and technician productivity."
"FIELDMAINTENANCE-00072","2025-02-13","2025-02","Western","Team Abha","Preventive","Radio","Escalated","Field Central","1","4612.61","1678.99","93","11.39","No","At Risk","SYNTHETIC DEMO DATA — Work orders, preventive and corrective maintenance, response times, SLA compliance, and technician productivity."
"FIELDMAINTENANCE-00073","2025-02-26","2025-02","Northern","Team Riyadh","Corrective","Power","In Progress","Vendor Services","10","4034.03","1516.8","94","11.99","No","At Risk","SYNTHETIC DEMO DATA — Work orders, preventive and corrective maintenance, response times, SLA compliance, and technician productivity."
"FIELDMAINTENANCE-00074","2025-03-11","2025-03","Central","Team Jeddah","Emergency","Civil","Closed","Field Central","7","5882.28","2282.32","95","12.6","Yes","Controlled","SYNTHETIC DEMO DATA — Work orders, preventive and corrective maintenance, response times, SLA compliance, and technician productivity."
"FIELDMAINTENANCE-00075","2025-03-24","2025-03","Eastern","Team Dammam","Inspection","Cooling","Closed","Vendor Services","4","5740.53","1951.78","95","13.2","Yes","Controlled","SYNTHETIC DEMO DATA — Work orders, preventive and corrective maintenance, response times, SLA compliance, and technician productivity."
"FIELDMAINTENANCE-00076","2025-04-06","2025-04","Southern","Team Tabuk","Preventive","Radio","Escalated","Field Central","1","3765.82","1325.57","96","13.8","Yes","At Risk","SYNTHETIC DEMO DATA — Work orders, preventive and corrective maintenance, response times, SLA compliance, and technician productivity."
"FIELDMAINTENANCE-00077","2025-04-19","2025-04","Western","Team Abha","Corrective","Power","In Progress","Vendor Services","10","5191.29","1889.63","88","14.41","Yes","Controlled","SYNTHETIC DEMO DATA — Work orders, preventive and corrective maintenance, response times, SLA compliance, and technician productivity."
"FIELDMAINTENANCE-00078","2025-05-02","2025-05","Northern","Team Riyadh","Emergency","Civil","Closed","Field Central","7","4729.26","1778.2","89","7.15","Yes","Controlled","SYNTHETIC DEMO DATA — Work orders, preventive and corrective maintenance, response times, SLA compliance, and technician productivity."
"FIELDMAINTENANCE-00079","2025-05-15","2025-05","Central","Team Jeddah","Inspection","Cooling","Closed","Vendor Services","4","6453.67","2504.02","89","7.76","Yes","Controlled","SYNTHETIC DEMO DATA — Work orders, preventive and corrective maintenance, response times, SLA compliance, and technician productivity."
"FIELDMAINTENANCE-00080","2025-05-28","2025-05","Eastern","Team Dammam","Preventive","Radio","Escalated","Field Central","1","6200.75","2108.26","90","8.36","Yes","At Risk","SYNTHETIC DEMO DATA — Work orders, preventive and corrective maintenance, response times, SLA compliance, and technician productivity."
"FIELDMAINTENANCE-00081","2025-06-10","2025-06","Southern","Team Tabuk","Corrective","Power","In Progress","Vendor Services","10","3245.02","1142.25","91","8.96","No","At Risk","SYNTHETIC DEMO DATA — Work orders, preventive and corrective maintenance, response times, SLA compliance, and technician productivity."
"FIELDMAINTENANCE-00082","2025-06-23","2025-06","Western","Team Abha","Emergency","Civil","Closed","Field Central","7","4548.9","1655.8","92","9.57","No","At Risk","SYNTHETIC DEMO DATA — Work orders, preventive and corrective maintenance, response times, SLA compliance, and technician productivity."
"FIELDMAINTENANCE-00083","2025-07-06","2025-07","Northern","Team Riyadh","Inspection","Cooling","Closed","Vendor Services","4","4252.06","1598.77","93","10.18","Yes","Controlled","SYNTHETIC DEMO DATA — Work orders, preventive and corrective maintenance, response times, SLA compliance, and technician productivity."
"FIELDMAINTENANCE-00084","2025-07-19","2025-07","Central","Team Jeddah","Preventive","Radio","Escalated","Field Central","1","5879.02","2281.06","94","10.78","Yes","At Risk","SYNTHETIC DEMO DATA — Work orders, preventive and corrective maintenance, response times, SLA compliance, and technician productivity."
"FIELDMAINTENANCE-00085","2025-08-01","2025-08","Eastern","Team Dammam","Corrective","Power","In Progress","Vendor Services","10","6015.99","2045.44","95","11.39","Yes","Controlled","SYNTHETIC DEMO DATA — Work orders, preventive and corrective maintenance, response times, SLA compliance, and technician productivity."
"FIELDMAINTENANCE-00086","2025-08-14","2025-08","Southern","Team Tabuk","Emergency","Civil","Closed","Field Central","7","5070.81","1784.93","95","11.99","Yes","Controlled","SYNTHETIC DEMO DATA — Work orders, preventive and corrective maintenance, response times, SLA compliance, and technician productivity."
"FIELDMAINTENANCE-00087","2025-08-27","2025-08","Western","Team Abha","Inspection","Cooling","Closed","Vendor Services","4","6968.88","2536.67","96","12.6","Yes","Controlled","SYNTHETIC DEMO DATA — Work orders, preventive and corrective maintenance, response times, SLA compliance, and technician productivity."
"FIELDMAINTENANCE-00088","2025-09-09","2025-09","Northern","Team Riyadh","Preventive","Radio","Escalated","Field Central","1","6256.75","2352.54","88","13.2","Yes","At Risk","SYNTHETIC DEMO DATA — Work orders, preventive and corrective maintenance, response times, SLA compliance, and technician productivity."
"FIELDMAINTENANCE-00089","2025-09-22","2025-09","Central","Team Jeddah","Corrective","Power","In Progress","Vendor Services","10","8516.97","3304.58","89","13.8","Yes","Controlled","SYNTHETIC DEMO DATA — Work orders, preventive and corrective maintenance, response times, SLA compliance, and technician productivity."
"FIELDMAINTENANCE-00090","2025-10-05","2025-10","Eastern","Team Dammam","Emergency","Civil","Closed","Field Central","7","3750.45","1275.15","89","14.41","No","At Risk","SYNTHETIC DEMO DATA — Work orders, preventive and corrective maintenance, response times, SLA compliance, and technician productivity."
"FIELDMAINTENANCE-00091","2025-10-18","2025-10","Southern","Team Tabuk","Inspection","Cooling","Closed","Vendor Services","4","3214.6","1131.54","90","7.15","No","At Risk","SYNTHETIC DEMO DATA — Work orders, preventive and corrective maintenance, response times, SLA compliance, and technician productivity."
"FIELDMAINTENANCE-00092","2025-10-31","2025-10","Western","Team Abha","Preventive","Radio","Escalated","Field Central","1","4483.56","1632.02","91","7.76","Yes","At Risk","SYNTHETIC DEMO DATA — Work orders, preventive and corrective maintenance, response times, SLA compliance, and technician productivity."
"FIELDMAINTENANCE-00093","2025-11-13","2025-11","Northern","Team Riyadh","Corrective","Power","In Progress","Vendor Services","10","4127.05","1551.77","92","8.36","Yes","Controlled","SYNTHETIC DEMO DATA — Work orders, preventive and corrective maintenance, response times, SLA compliance, and technician productivity."
"FIELDMAINTENANCE-00094","2025-11-26","2025-11","Central","Team Jeddah","Emergency","Civil","Closed","Field Central","7","5684.15","2205.45","93","8.96","Yes","Controlled","SYNTHETIC DEMO DATA — Work orders, preventive and corrective maintenance, response times, SLA compliance, and technician productivity."
"FIELDMAINTENANCE-00095","2025-12-09","2025-12","Eastern","Team Dammam","Inspection","Cooling","Closed","Vendor Services","4","5830.77","1982.46","94","9.57","Yes","Controlled","SYNTHETIC DEMO DATA — Work orders, preventive and corrective maintenance, response times, SLA compliance, and technician productivity."
"FIELDMAINTENANCE-00096","2025-12-22","2025-12","Southern","Team Tabuk","Preventive","Radio","Escalated","Field Central","1","4899.67","1724.68","95","10.18","Yes","At Risk","SYNTHETIC DEMO DATA — Work orders, preventive and corrective maintenance, response times, SLA compliance, and technician productivity."
"FIELDMAINTENANCE-00097","2026-01-04","2026-01","Western","Team Abha","Corrective","Power","In Progress","Vendor Services","10","7209.33","2624.2","95","10.78","Yes","Controlled","SYNTHETIC DEMO DATA — Work orders, preventive and corrective maintenance, response times, SLA compliance, and technician productivity."
"FIELDMAINTENANCE-00098","2026-01-17","2026-01","Northern","Team Riyadh","Emergency","Civil","Closed","Field Central","7","6149.13","2312.07","96","11.39","Yes","Controlled","SYNTHETIC DEMO DATA — Work orders, preventive and corrective maintenance, response times, SLA compliance, and technician productivity."
"FIELDMAINTENANCE-00099","2026-01-30","2026-01","Central","Team Jeddah","Inspection","Cooling","Closed","Vendor Services","4","4949.13","1920.26","88","11.99","No","At Risk","SYNTHETIC DEMO DATA — Work orders, preventive and corrective maintenance, response times, SLA compliance, and technician productivity."
"FIELDMAINTENANCE-00100","2026-02-12","2026-02","Eastern","Team Dammam","Preventive","Radio","Escalated","Field Central","1","5132.35","1745","89","12.6","No","At Risk","SYNTHETIC DEMO DATA — Work orders, preventive and corrective maintenance, response times, SLA compliance, and technician productivity."
,"2026-02-25","2026-02","Southern","Team Tabuk","Corrective","Power","In Progress","Vendor Services","10","4376.91","1540.67","89","13.2","Yes","Controlled","SYNTHETIC DEMO DATA — Work orders, preventive and corrective maintenance, response times, SLA compliance, and technician productivity."
"FIELDMAINTENANCE-00102","2026-03-10","2026-03","Western","Team Abha","Emergency","Civil","Closed","Field Central","7","6381.77","2322.96","90","13.8","Yes","Controlled","SYNTHETIC DEMO DATA — Work orders, preventive and corrective maintenance, response times, SLA compliance, and technician productivity."
"FIELDMAINTENANCE-00103","2026-03-23","2026-03","Northern","Team Riyadh","Inspection","Cooling","Closed","Vendor Services","4","5507.43","2070.79","91","14.41","Yes","Controlled","SYNTHETIC DEMO DATA — Work orders, preventive and corrective maintenance, response times, SLA compliance, and technician productivity."
"FIELDMAINTENANCE-00104","2026-04-05","2026-04","Central","Team Jeddah","Preventive","Radio","Escalated","Field Central","1","5856.22","2272.21","92","7.15","Yes","At Risk","SYNTHETIC DEMO DATA — Work orders, preventive and corrective maintenance, response times, SLA compliance, and technician productivity."
"FIELDMAINTENANCE-00105","2026-04-18","2026-04","Eastern","Team Dammam","Corrective","Power","In Progress","Vendor Services","10","5656.21","1923.11","93","7.76","Yes","Controlled","SYNTHETIC DEMO DATA — Work orders, preventive and corrective maintenance, response times, SLA compliance, and technician productivity."
"FIELDMAINTENANCE-00106","2026-05-01","2026-05","Southern","Team Tabuk","Emergency","Civil","Closed","Field Central","7","5036.19","1772.74","94","8.36","Yes","Controlled","SYNTHETIC DEMO DATA — Work orders, preventive and corrective maintenance, response times, SLA compliance, and technician productivity."
"FIELDMAINTENANCE-00107","2026-05-14","2026-05","Western","Team Abha","Inspection","Cooling","Closed","Vendor Services","4","6885.21","2506.22","95","8.96","Yes","Controlled","SYNTHETIC DEMO DATA — Work orders, preventive and corrective maintenance, response times, SLA compliance, and technician productivity."
"FIELDMAINTENANCE-00108","2026-05-27","2026-05","Northern","Team Riyadh","Preventive","Radio","Escalated","Field Central","1","3472.28","1305.58","95","9.57","No","At Risk","SYNTHETIC DEMO DATA — Work orders, preventive and corrective maintenance, response times, SLA compliance, and technician productivity."
"FIELDMAINTENANCE-00109","2026-06-09","2026-06","Central","Team Jeddah","Corrective","Power","In Progress","Vendor Services","10","5131.55","1991.04","96","10.18","No","At Risk","SYNTHETIC DEMO DATA — Work orders, preventive and corrective maintenance, response times, SLA compliance, and technician productivity."
"FIELDMAINTENANCE-00110","2026-06-22","2026-06","Eastern","Team Dammam","Emergency","Civil","Closed","Field Central","7","5029.99","1710.2","88","10.78","Yes","Controlled","SYNTHETIC DEMO DATA — Work orders, preventive and corrective maintenance, response times, SLA compliance, and technician productivity."
"FIELDMAINTENANCE-00111","2025-01-11","2025-01","Southern","Team Tabuk","Inspection","Cooling","Closed","Vendor Services","4","4135.82","1455.81","89","11.39","Yes","Controlled","SYNTHETIC DEMO DATA — Work orders, preventive and corrective maintenance, response times, SLA compliance, and technician productivity."
"FIELDMAINTENANCE-00112","2025-01-24","2025-01","Western","Team Abha","Preventive","Radio","Escalated","Field Central","1","5720.92","2082.41","89","11.99","Yes","At Risk","SYNTHETIC DEMO DATA — Work orders, preventive and corrective maintenance, response times, SLA compliance, and technician productivity."
"FIELDMAINTENANCE-00113","2025-02-06","2025-02","Northern","Team Riyadh","Corrective","Power","In Progress","Vendor Services","10","5179.17","1947.37","90","12.6","Yes","Controlled","SYNTHETIC DEMO DATA — Work orders, preventive and corrective maintenance, response times, SLA compliance, and technician productivity."
"FIELDMAINTENANCE-00114","2025-02-19","2025-02","Central","Team Jeddah","Emergency","Civil","Closed","Field Central","7","7087.08","2749.79","91","13.2","Yes","Controlled","SYNTHETIC DEMO DATA — Work orders, preventive and corrective maintenance, response times, SLA compliance, and technician productivity."
"FIELDMAINTENANCE-00115","2025-03-04","2025-03","Eastern","Team Dammam","Inspection","Cooling","Closed","Vendor Services","4","7167.56","2436.97","92","13.8","Yes","Controlled","SYNTHETIC DEMO DATA — Work orders, preventive and corrective maintenance, response times, SLA compliance, and technician productivity."
"FIELDMAINTENANCE-00116","2025-03-17","2025-03","Southern","Team Tabuk","Preventive","Radio","Escalated","Field Central","1","5991.59","2109.04","93","14.41","Yes","At Risk","SYNTHETIC DEMO DATA — Work orders, preventive and corrective maintenance, response times, SLA compliance, and technician productivity."
"FIELDMAINTENANCE-00117","2025-03-30","2025-03","Western","Team Abha","Corrective","Power","In Progress","Vendor Services","10","4843.24","1762.94","94","7.15","No","At Risk","SYNTHETIC DEMO DATA — Work orders, preventive and corrective maintenance, response times, SLA compliance, and technician productivity."
"FIELDMAINTENANCE-00118","2025-04-12","2025-04","Northern","Team Riyadh","Emergency","Civil","Closed","Field Central","7","3285.31","1235.28","95","7.76","No","At Risk","SYNTHETIC DEMO DATA — Work orders, preventive and corrective maintenance, response times, SLA compliance, and technician productivity."
"FIELDMAINTENANCE-00119","2025-04-25","2025-04","Central","Team Jeddah","Inspection","Cooling","Closed","Vendor Services","4","4562.41","1770.22","95","8.36","Yes","Controlled","SYNTHETIC DEMO DATA — Work orders, preventive and corrective maintenance, response times, SLA compliance, and technician productivity."
"FIELDMAINTENANCE-00120","2025-05-08","2025-05","Eastern","Team Dammam","Preventive","Radio","Escalated","Field Central","1","4730.75","1608.46","96","8.96","Yes","At Risk","SYNTHETIC DEMO DATA — Work orders, preventive and corrective maintenance, response times, SLA compliance, and technician productivity."
"FIELDMAINTENANCE-00121","2025-05-21","2025-05","Southern","Team Tabuk","Corrective","Power","In Progress","Vendor Services","10","4001.19","1408.42","88","9.57","Yes","Controlled","SYNTHETIC DEMO DATA — Work orders, preventive and corrective maintenance, response times, SLA compliance, and technician productivity."
"FIELDMAINTENANCE-00122","2025-06-03","2025-06","Western","Team Abha","Emergency","Civil","Closed","Field Central","7","5840.2","2125.83","89","10.18","Yes","Controlled","SYNTHETIC DEMO DATA — Work orders, preventive and corrective maintenance, response times, SLA compliance, and technician productivity."
"FIELDMAINTENANCE-00123","2025-06-16","2025-06","Northern","Team Riyadh","Inspection","Cooling","Closed","Vendor Services","4","5007.45","1882.8","89","10.78","Yes","Controlled","SYNTHETIC DEMO DATA — Work orders, preventive and corrective maintenance, response times, SLA compliance, and technician productivity."
"FIELDMAINTENANCE-00124","2025-06-29","2025-06","Central","Team Jeddah","Preventive","Radio","Escalated","Field Central","1","6833.3","2651.32","90","11.39","Yes","At Risk","SYNTHETIC DEMO DATA — Work orders, preventive and corrective maintenance, response times, SLA compliance, and technician productivity."
"FIELDMAINTENANCE-00125","2025-07-12","2025-07","Eastern","Team Dammam","Corrective","Power","In Progress","Vendor Services","10","7052.79","2397.95","91","11.99","Yes","Controlled","SYNTHETIC DEMO DATA — Work orders, preventive and corrective maintenance, response times, SLA compliance, and technician productivity."
"FIELDMAINTENANCE-00126","2025-07-25","2025-07","Southern","Team Tabuk","Emergency","Civil","Closed","Field Central","7","3485.86","1227.02","92","12.6","No","At Risk","SYNTHETIC DEMO DATA — Work orders, preventive and corrective maintenance, response times, SLA compliance, and technician productivity."
"FIELDMAINTENANCE-00127","2025-08-07","2025-08","Western","Team Abha","Inspection","Cooling","Closed","Vendor Services","4","5143.7","1872.31","93","13.2","No","At Risk","SYNTHETIC DEMO DATA — Work orders, preventive and corrective maintenance, response times, SLA compliance, and technician productivity."
"FIELDMAINTENANCE-00128","2025-08-20","2025-08","Northern","Team Riyadh","Preventive","Radio","Escalated","Field Central","1","4475.85","1682.92","94","13.8","Yes","At Risk","SYNTHETIC DEMO DATA — Work orders, preventive and corrective maintenance, response times, SLA compliance, and technician productivity."
"FIELDMAINTENANCE-00129","2025-09-02","2025-09","Central","Team Jeddah","Corrective","Power","In Progress","Vendor Services","10","6497.86","2521.17","95","14.41","Yes","Controlled","SYNTHETIC DEMO DATA — Work orders, preventive and corrective maintenance, response times, SLA compliance, and technician productivity."
"FIELDMAINTENANCE-00130","2025-09-15","2025-09","Eastern","Team Dammam","Emergency","Civil","Closed","Field Central","7","6316.79","2147.71","95","7.15","Yes","Controlled","SYNTHETIC DEMO DATA — Work orders, preventive and corrective maintenance, response times, SLA compliance, and technician productivity."
"FIELDMAINTENANCE-00131","2025-09-28","2025-09","Southern","Team Tabuk","Inspection","Cooling","Closed","Vendor Services","4","5416.86","1906.73","96","7.76","Yes","Controlled","SYNTHETIC DEMO DATA — Work orders, preventive and corrective maintenance, response times, SLA compliance, and technician productivity."
"FIELDMAINTENANCE-00132","2025-10-11","2025-10","Western","Team Abha","Preventive","Radio","Escalated","Field Central","1","5671.97","2064.6","88","8.36","Yes","At Risk","SYNTHETIC DEMO DATA — Work orders, preventive and corrective maintenance, response times, SLA compliance, and technician productivity."
"FIELDMAINTENANCE-00133","2025-10-24","2025-10","Northern","Team Riyadh","Corrective","Power","In Progress","Vendor Services","10","4849.87","1823.55","89","8.96","Yes","Controlled","SYNTHETIC DEMO DATA — Work orders, preventive and corrective maintenance, response times, SLA compliance, and technician productivity."
"FIELDMAINTENANCE-00134","2025-11-06","2025-11","Central","Team Jeddah","Emergency","Civil","Closed","Field Central","7","7014.48","2721.62","89","9.57","Yes","Controlled","SYNTHETIC DEMO DATA — Work orders, preventive and corrective maintenance, response times, SLA compliance, and technician productivity."
"FIELDMAINTENANCE-00135","2025-11-19","2025-11","Eastern","Team Dammam","Inspection","Cooling","Closed","Vendor Services","4","3984.85","1354.85","90","10.18","No","At Risk","SYNTHETIC DEMO DATA — Work orders, preventive and corrective maintenance, response times, SLA compliance, and technician productivity."
"FIELDMAINTENANCE-00136","2025-12-02","2025-12","Southern","Team Tabuk","Preventive","Radio","Escalated","Field Central","1","3616.42","1272.98","91","10.78","No","At Risk","SYNTHETIC DEMO DATA — Work orders, preventive and corrective maintenance, response times, SLA compliance, and technician productivity."
"FIELDMAINTENANCE-00137","2025-12-15","2025-12","Western","Team Abha","Corrective","Power","In Progress","Vendor Services","10","5044","1836.02","92","11.39","Yes","Controlled","SYNTHETIC DEMO DATA — Work orders, preventive and corrective maintenance, response times, SLA compliance, and technician productivity."
"FIELDMAINTENANCE-00138","2025-12-28","2025-12","Northern","Team Riyadh","Emergency","Civil","Closed","Field Central","7","4444.45","1671.11","93","11.99","Yes","Controlled","SYNTHETIC DEMO DATA — Work orders, preventive and corrective maintenance, response times, SLA compliance, and technician productivity."
"FIELDMAINTENANCE-00139","2026-01-10","2026-01","Central","Team Jeddah","Inspection","Cooling","Closed","Vendor Services","4","6461.37","2507.01","94","12.6","Yes","Controlled","SYNTHETIC DEMO DATA — Work orders, preventive and corrective maintenance, response times, SLA compliance, and technician productivity."
"FIELDMAINTENANCE-00140","2026-01-23","2026-01","Eastern","Team Dammam","Preventive","Radio","Escalated","Field Central","1","6259.81","2128.34","95","13.2","Yes","At Risk","SYNTHETIC DEMO DATA — Work orders, preventive and corrective maintenance, response times, SLA compliance, and technician productivity."
"FIELDMAINTENANCE-00141","2026-02-05","2026-02","Southern","Team Tabuk","Corrective","Power","In Progress","Vendor Services","10","5537.05","1949.04","95","13.8","Yes","Controlled","SYNTHETIC DEMO DATA — Work orders, preventive and corrective maintenance, response times, SLA compliance, and technician productivity."
"FIELDMAINTENANCE-00142","2026-02-18","2026-02","Western","Team Abha","Emergency","Civil","Closed","Field Central","7","7588.77","2762.31","96","14.41","Yes","Controlled","SYNTHETIC DEMO DATA — Work orders, preventive and corrective maintenance, response times, SLA compliance, and technician productivity."
"FIELDMAINTENANCE-00143","2026-03-03","2026-03","Northern","Team Riyadh","Inspection","Cooling","Closed","Vendor Services","4","6796.41","2555.45","88","7.15","Yes","Controlled","SYNTHETIC DEMO DATA — Work orders, preventive and corrective maintenance, response times, SLA compliance, and technician productivity."
"FIELDMAINTENANCE-00144","2026-03-16","2026-03","Central","Team Jeddah","Preventive","Radio","Escalated","Field Central","1","5470.09","2122.39","89","7.76","No","At Risk","SYNTHETIC DEMO DATA — Work orders, preventive and corrective maintenance, response times, SLA compliance, and technician productivity."
"FIELDMAINTENANCE-00145","2026-03-29","2026-03","Eastern","Team Dammam","Corrective","Power","In Progress","Vendor Services","10","5479.45","1863.01","89","8.36","No","At Risk","SYNTHETIC DEMO DATA — Work orders, preventive and corrective maintenance, response times, SLA compliance, and technician productivity."
"FIELDMAINTENANCE-00146","2026-04-11","2026-04","Southern","Team Tabuk","Emergency","Civil","Closed","Field Central","7","3560.32","1253.23","90","8.96","Yes","Controlled","SYNTHETIC DEMO DATA — Work orders, preventive and corrective maintenance, response times, SLA compliance, and technician productivity."
"FIELDMAINTENANCE-00147","2026-04-24","2026-04","Western","Team Abha","Inspection","Cooling","Closed","Vendor Services","4","4943.95","1799.6","91","9.57","Yes","Controlled","SYNTHETIC DEMO DATA — Work orders, preventive and corrective maintenance, response times, SLA compliance, and technician productivity."
"FIELDMAINTENANCE-00148","2026-05-07","2026-05","Northern","Team Riyadh","Preventive","Radio","Escalated","Field Central","1","4533.26","1704.51","92","10.18","Yes","At Risk","SYNTHETIC DEMO DATA — Work orders, preventive and corrective maintenance, response times, SLA compliance, and technician productivity."
"FIELDMAINTENANCE-00149","2026-05-20","2026-05","Central","Team Jeddah","Corrective","Power","In Progress","Vendor Services","10","6222.24","2414.23","93","10.78","Yes","Controlled","SYNTHETIC DEMO DATA — Work orders, preventive and corrective maintenance, response times, SLA compliance, and technician productivity."
"FIELDMAINTENANCE-00150","2026-06-02","2026-06","Eastern","Team Dammam","Emergency","Civil","Closed","Field Central","7","6363.24","2163.5","94","11.39","Yes","Controlled","SYNTHETIC DEMO DATA — Work orders, preventive and corrective maintenance, response times, SLA compliance, and technician productivity."
"FIELDMAINTENANCE-00151","2026-06-15","2026-06","Southern","Team Tabuk","Inspection","Cooling","Closed","Vendor Services","4","-1","1877.02","95","11.99","Yes","Controlled","SYNTHETIC DEMO DATA — Work orders, preventive and corrective maintenance, response times, SLA compliance, and technician productivity."
"FIELDMAINTENANCE-00152","2025-01-04","2025-01","Western","Team Abha","Preventive","Radio","Escalated","Field Central","1","7059.85","2569.79","95","12.6","Yes","At Risk","SYNTHETIC DEMO DATA — Work orders, preventive and corrective maintenance, response times, SLA compliance, and technician productivity."
"FIELDMAINTENANCE-00153","2025-01-17","2025-01","Northern","Team Riyadh","Corrective","Power","In Progress","Vendor Services","10","3560.36","1338.7","96","13.2","No","At Risk","SYNTHETIC DEMO DATA — Work orders, preventive and corrective maintenance, response times, SLA compliance, and technician productivity."
"FIELDMAINTENANCE-00154","2025-01-30","2025-01","Central","Team Jeddah","Emergency","Civil","Closed","Field Central","7","4969.39","1928.12","88","13.8","No","At Risk","SYNTHETIC DEMO DATA — Work orders, preventive and corrective maintenance, response times, SLA compliance, and technician productivity."
"FIELDMAINTENANCE-00155","2025-02-12","2025-02","Eastern","Team Dammam","Inspection","Cooling","Closed","Vendor Services","4","5127.41","1743.32","89","14.41","Yes","Controlled","SYNTHETIC DEMO DATA — Work orders, preventive and corrective maintenance, response times, SLA compliance, and technician productivity."
"FIELDMAINTENANCE-00156","2025-02-25","2025-02","Southern","Team Tabuk","Preventive","Radio","Escalated","Field Central","1","4353.49","1532.43","89","7.15","Yes","At Risk","SYNTHETIC DEMO DATA — Work orders, preventive and corrective maintenance, response times, SLA compliance, and technician productivity."
"FIELDMAINTENANCE-00157","2025-03-10","2025-03","Western","Team Abha","Corrective","Power","In Progress","Vendor Services","10","6323.12","2301.62","90","7.76","Yes","Controlled","SYNTHETIC DEMO DATA — Work orders, preventive and corrective maintenance, response times, SLA compliance, and technician productivity."
"FIELDMAINTENANCE-00158","2025-03-23","2025-03","Northern","Team Riyadh","Emergency","Civil","Closed","Field Central","7","5438.13","2044.74","91","8.36","Yes","Controlled","SYNTHETIC DEMO DATA — Work orders, preventive and corrective maintenance, response times, SLA compliance, and technician productivity."
"FIELDMAINTENANCE-00159","2025-04-05","2025-04","Central","Team Jeddah","Inspection","Cooling","Closed","Vendor Services","4","5771.72","2239.43","92","8.96","Yes","Controlled","SYNTHETIC DEMO DATA — Work orders, preventive and corrective maintenance, response times, SLA compliance, and technician productivity."
"FIELDMAINTENANCE-00160","2025-04-18","2025-04","Eastern","Team Dammam","Preventive","Radio","Escalated","Field Central","1","5559.3","1890.16","93","9.57","Yes","At Risk","SYNTHETIC DEMO DATA — Work orders, preventive and corrective maintenance, response times, SLA compliance, and technician productivity."
"FIELDMAINTENANCE-00161","2025-05-01","2025-05","Southern","Team Tabuk","Corrective","Power","In Progress","Vendor Services","10","4937.64","1738.05","94","10.18","Yes","Controlled","SYNTHETIC DEMO DATA — Work orders, preventive and corrective maintenance, response times, SLA compliance, and technician productivity."
"FIELDMAINTENANCE-00162","2025-05-14","2025-05","Western","Team Abha","Emergency","Civil","Closed","Field Central","7","3991.29","1452.83","95","10.78","No","At Risk","SYNTHETIC DEMO DATA — Work orders, preventive and corrective maintenance, response times, SLA compliance, and technician productivity."
"FIELDMAINTENANCE-00163","2025-05-27","2025-05","Northern","Team Riyadh","Inspection","Cooling","Closed","Vendor Services","4","3490.65","1312.48","95","11.39","No","At Risk","SYNTHETIC DEMO DATA — Work orders, preventive and corrective maintenance, response times, SLA compliance, and technician productivity."
"FIELDMAINTENANCE-00164","2025-06-09","2025-06","Central","Team Jeddah","Preventive","Radio","Escalated","Field Central","1","5132.71","1991.49","96","11.99","Yes","At Risk","SYNTHETIC DEMO DATA — Work orders, preventive and corrective maintenance, response times, SLA compliance, and technician productivity."
"FIELDMAINTENANCE-00165","2025-06-22","2025-06","Eastern","Team Dammam","Corrective","Power","In Progress","Vendor Services","10","5009.03","1703.07","88","12.6","Yes","Controlled","SYNTHETIC DEMO DATA — Work orders, preventive and corrective maintenance, response times, SLA compliance, and technician productivity."
"FIELDMAINTENANCE-00166","2025-07-05","2025-07","Southern","Team Tabuk","Emergency","Civil","Closed","Field Central","7","4550.99","1601.95","89","13.2","Yes","Controlled","SYNTHETIC DEMO DATA — Work orders, preventive and corrective maintenance, response times, SLA compliance, and technician productivity."
"FIELDMAINTENANCE-00167","2025-07-18","2025-07","Western","Team Abha","Inspection","Cooling","Closed","Vendor Services","4","6273.65","2283.61","89","13.8","Yes","Controlled","SYNTHETIC DEMO DATA — Work orders, preventive and corrective maintenance, response times, SLA compliance, and technician productivity."
"FIELDMAINTENANCE-00168","2025-07-31","2025-07","Northern","Team Riyadh","Preventive","Radio","Escalated","Field Central","1","5379.11","2022.55","90","14.41","Yes","At Risk","SYNTHETIC DEMO DATA — Work orders, preventive and corrective maintenance, response times, SLA compliance, and technician productivity."
"FIELDMAINTENANCE-00169","2025-08-13","2025-08","Central","Team Jeddah","Corrective","Power","In Progress","Vendor Services","10","7726.81","2998","91","7.15","Yes","Controlled","SYNTHETIC DEMO DATA — Work orders, preventive and corrective maintenance, response times, SLA compliance, and technician productivity."
"FIELDMAINTENANCE-00170","2025-08-26","2025-08","Eastern","Team Dammam","Emergency","Civil","Closed","Field Central","7","7423.99","2524.16","92","7.76","Yes","Controlled","SYNTHETIC DEMO DATA — Work orders, preventive and corrective maintenance, response times, SLA compliance, and technician productivity."
"FIELDMAINTENANCE-00171","2025-09-08","2025-09","Southern","Team Tabuk","Inspection","Cooling","Closed","Vendor Services","4","3852.8","1356.19","93","8.36","No","At Risk","SYNTHETIC DEMO DATA — Work orders, preventive and corrective maintenance, response times, SLA compliance, and technician productivity."
"FIELDMAINTENANCE-00172","2025-09-21","2025-09","Western","Team Abha","Preventive","Radio","Escalated","Field Central","1","5400.88","1965.92","94","8.96","No","At Risk","SYNTHETIC DEMO DATA — Work orders, preventive and corrective maintenance, response times, SLA compliance, and technician productivity."
"FIELDMAINTENANCE-00173","2025-10-04","2025-10","Northern","Team Riyadh","Corrective","Power","In Progress","Vendor Services","10","3642.89","1369.73","95","9.57","Yes","Controlled","SYNTHETIC DEMO DATA — Work orders, preventive and corrective maintenance, response times, SLA compliance, and technician productivity."
"FIELDMAINTENANCE-00174","2025-10-17","2025-10","Central","Team Jeddah","Emergency","Civil","Closed","Field Central","7","5036.77","1954.27","95","10.18","Yes","Controlled","SYNTHETIC DEMO DATA — Work orders, preventive and corrective maintenance, response times, SLA compliance, and technician productivity."
"FIELDMAINTENANCE-00175","2025-10-30","2025-10","Eastern","Team Dammam","Inspection","Cooling","Closed","Vendor Services","4","4896.42","1664.78","96","10.78","Yes","Controlled","SYNTHETIC DEMO DATA — Work orders, preventive and corrective maintenance, response times, SLA compliance, and technician productivity."
"FIELDMAINTENANCE-00176","2025-11-12","2025-11","Southern","Team Tabuk","Preventive","Radio","Escalated","Field Central","1","4385.08","1543.55","88","11.39","Yes","At Risk","SYNTHETIC DEMO DATA — Work orders, preventive and corrective maintenance, response times, SLA compliance, and technician productivity."
"FIELDMAINTENANCE-00177","2025-11-25","2025-11","Western","Team Abha","Corrective","Power","In Progress","Vendor Services","10","6026.47","2193.64","89","11.99","Yes","Controlled","SYNTHETIC DEMO DATA — Work orders, preventive and corrective maintenance, response times, SLA compliance, and technician productivity."
"FIELDMAINTENANCE-00178","2025-12-08","2025-12","Northern","Team Riyadh","Emergency","Civil","Closed","Field Central","7","5456.11","2051.5","89","12.6","Yes","Controlled","SYNTHETIC DEMO DATA — Work orders, preventive and corrective maintenance, response times, SLA compliance, and technician productivity."
"FIELDMAINTENANCE-00179","2025-12-21","2025-12","Central","Team Jeddah","Inspection","Cooling","Closed","Vendor Services","4","7427.1","2881.71","90","13.2","Yes","Controlled","SYNTHETIC DEMO DATA — Work orders, preventive and corrective maintenance, response times, SLA compliance, and technician productivity."
"FIELDMAINTENANCE-00180","2026-01-03","2026-01","Eastern","Team Dammam","Preventive","Radio","Escalated","Field Central","1","4529.71","1540.1","91","13.8","No","At Risk","SYNTHETIC DEMO DATA — Work orders, preventive and corrective maintenance, response times, SLA compliance, and technician productivity."
"FIELDMAINTENANCE-00181","2026-01-16","2026-01","Southern","Team Tabuk","Corrective","Power","In Progress","Vendor Services","10","3882.53","1366.65","92","14.41","No","At Risk","SYNTHETIC DEMO DATA — Work orders, preventive and corrective maintenance, response times, SLA compliance, and technician productivity."
"FIELDMAINTENANCE-00182","2026-01-29","2026-01","Western","Team Abha","Emergency","Civil","Closed","Field Central","7","5415.15","1971.11","93","7.15","Yes","Controlled","SYNTHETIC DEMO DATA — Work orders, preventive and corrective maintenance, response times, SLA compliance, and technician productivity."
"FIELDMAINTENANCE-00183","2026-02-11","2026-02","Northern","Team Riyadh","Inspection","Cooling","Closed","Vendor Services","4","4938.28","1856.79","94","7.76","Yes","Controlled","SYNTHETIC DEMO DATA — Work orders, preventive and corrective maintenance, response times, SLA compliance, and technician productivity."
"FIELDMAINTENANCE-00184","2026-02-24","2026-02","Central","Team Jeddah","Preventive","Radio","Escalated","Field Central","1","6801.44","2638.96","95","8.36","Yes","At Risk","SYNTHETIC DEMO DATA — Work orders, preventive and corrective maintenance, response times, SLA compliance, and technician productivity."
"FIELDMAINTENANCE-00185","2026-03-09","2026-03","Eastern","Team Dammam","Corrective","Power","In Progress","Vendor Services","10","6918.74","2352.37","95","8.96","Yes","Controlled","SYNTHETIC DEMO DATA — Work orders, preventive and corrective maintenance, response times, SLA compliance, and technician productivity."
"FIELDMAINTENANCE-00186","2026-03-22","2026-03","Southern","Team Tabuk","Emergency","Civil","Closed","Field Central","7","5813.9","2046.49","96","9.57","Yes","Controlled","SYNTHETIC DEMO DATA — Work orders, preventive and corrective maintenance, response times, SLA compliance, and technician productivity."
"FIELDMAINTENANCE-00187","2026-04-04","2026-04","Western","Team Abha","Inspection","Cooling","Closed","Vendor Services","4","6172.95","2246.95","88","10.18","Yes","Controlled","SYNTHETIC DEMO DATA — Work orders, preventive and corrective maintenance, response times, SLA compliance, and technician productivity."
"FIELDMAINTENANCE-00188","2026-04-17","2026-04","Northern","Team Riyadh","Preventive","Radio","Escalated","Field Central","1","5265.16","1979.7","89","10.78","Yes","At Risk","SYNTHETIC DEMO DATA — Work orders, preventive and corrective maintenance, response times, SLA compliance, and technician productivity."
"FIELDMAINTENANCE-00189","2026-04-30","2026-04","Central","Team Jeddah","Corrective","Power","In Progress","Vendor Services","10","4237.67","1644.22","89","11.39","No","At Risk","SYNTHETIC DEMO DATA — Work orders, preventive and corrective maintenance, response times, SLA compliance, and technician productivity."
"FIELDMAINTENANCE-00190","2026-05-13","2026-05","Eastern","Team Dammam","Emergency","Civil","Closed","Field Central","7","4435.75","1508.16","90","11.99","No","At Risk","SYNTHETIC DEMO DATA — Work orders, preventive and corrective maintenance, response times, SLA compliance, and technician productivity."
"FIELDMAINTENANCE-00191","2026-05-26","2026-05","Southern","Team Tabuk","Inspection","Cooling","Closed","Vendor Services","4","3782.84","1331.56","91","12.6","Yes","Controlled","SYNTHETIC DEMO DATA — Work orders, preventive and corrective maintenance, response times, SLA compliance, and technician productivity."
"FIELDMAINTENANCE-00192","2026-06-08","2026-06","Western","Team Abha","Preventive","Radio","Escalated","Field Central","1","5561.94","2024.55","92","13.2","Yes","At Risk","SYNTHETIC DEMO DATA — Work orders, preventive and corrective maintenance, response times, SLA compliance, and technician productivity."
"FIELDMAINTENANCE-00193","2026-06-21","2026-06","Northern","Team Riyadh","Corrective","Power","In Progress","Vendor Services","10","4799.92","1804.77","93","13.8","Yes","Controlled","SYNTHETIC DEMO DATA — Work orders, preventive and corrective maintenance, response times, SLA compliance, and technician productivity."
"FIELDMAINTENANCE-00194","2025-01-10","2025-01","Central","Team Jeddah","Emergency","Civil","Closed","Field Central","7","6380.06","2475.46","94","14.41","Yes","Controlled","SYNTHETIC DEMO DATA — Work orders, preventive and corrective maintenance, response times, SLA compliance, and technician productivity."
"FIELDMAINTENANCE-00195","2025-01-23","2025-01","Eastern","Team Dammam","Inspection","Cooling","Closed","Vendor Services","4","6162.16","2095.13","95","7.15","Yes","Controlled","SYNTHETIC DEMO DATA — Work orders, preventive and corrective maintenance, response times, SLA compliance, and technician productivity."
"FIELDMAINTENANCE-00196","2025-02-05","2025-02","Southern","Team Tabuk","Preventive","Radio","Escalated","Field Central","1","5435.72","1913.37","95","7.76","Yes","At Risk","SYNTHETIC DEMO DATA — Work orders, preventive and corrective maintenance, response times, SLA compliance, and technician productivity."
"FIELDMAINTENANCE-00197","2025-02-18","2025-02","Western","Team Abha","Corrective","Power","In Progress","Vendor Services","10","7431.42","2705.04","96","8.36","Yes","Controlled","SYNTHETIC DEMO DATA — Work orders, preventive and corrective maintenance, response times, SLA compliance, and technician productivity."
"FIELDMAINTENANCE-00198","2025-03-03","2025-03","Northern","Team Riyadh","Emergency","Civil","Closed","Field Central","7","3935.13","1479.61","88","8.96","No","At Risk","SYNTHETIC DEMO DATA — Work orders, preventive and corrective maintenance, response times, SLA compliance, and technician productivity."
"FIELDMAINTENANCE-00199","2025-03-16","2025-03","Central","Team Jeddah","Inspection","Cooling","Closed","Vendor Services","4","5492.49","2131.09","89","9.57","No","At Risk","SYNTHETIC DEMO DATA — Work orders, preventive and corrective maintenance, response times, SLA compliance, and technician productivity."
"FIELDMAINTENANCE-00200","2025-03-29","2025-03","Eastern","Team Dammam","Preventive","Radio","Escalated","Field Central","1","5383.78","1830.49","89","10.18","Yes","At Risk","SYNTHETIC DEMO DATA — Work orders, preventive and corrective maintenance, response times, SLA compliance, and technician productivity."
"FIELDMAINTENANCE-00201","2025-04-11","2025-04","Southern","Team Tabuk","Corrective","Power","In Progress","Vendor Services","10","3545.48","1248.01","90","10.78","Yes","Controlled","SYNTHETIC DEMO DATA — Work orders, preventive and corrective maintenance, response times, SLA compliance, and technician productivity."
"FIELDMAINTENANCE-00202","2025-04-24","2025-04","Western","Team Abha","Emergency","Civil","Closed","Field Central","7","4904.33","1785.18","91","11.39","Yes","Controlled","SYNTHETIC DEMO DATA — Work orders, preventive and corrective maintenance, response times, SLA compliance, and technician productivity."
"FIELDMAINTENANCE-00203","2025-05-07","2025-05","Northern","Team Riyadh","Inspection","Cooling","Closed","Vendor Services","4","4481.54","1685.06","92","11.99","Yes","Controlled","SYNTHETIC DEMO DATA — Work orders, preventive and corrective maintenance, response times, SLA compliance, and technician productivity."
"FIELDMAINTENANCE-00204","2025-05-20","2025-05","Central","Team Jeddah","Preventive","Radio","Escalated","Field Central","1","6132.45","2379.39","93","12.6","Yes","At Risk","SYNTHETIC DEMO DATA — Work orders, preventive and corrective maintenance, response times, SLA compliance, and technician productivity."
"FIELDMAINTENANCE-00205","2025-06-02","2025-06","Eastern","Team Dammam","Corrective","Power","In Progress","Vendor Services","10","6254.21","2126.43","94","13.2","Yes","Controlled","SYNTHETIC DEMO DATA — Work orders, preventive and corrective maintenance, response times, SLA compliance, and technician productivity."
"FIELDMAINTENANCE-00206","2025-06-15","2025-06","Southern","Team Tabuk","Emergency","Civil","Closed","Field Central","7","5228.09","1840.29","95","13.8","Yes","Controlled","SYNTHETIC DEMO DATA — Work orders, preventive and corrective maintenance, response times, SLA compliance, and technician productivity."
"FIELDMAINTENANCE-00207","2025-06-28","2025-06","Western","Team Abha","Inspection","Cooling","Closed","Vendor Services","4","4226.07","1538.29","95","14.41","No","At Risk","SYNTHETIC DEMO DATA — Work orders, preventive and corrective maintenance, response times, SLA compliance, and technician productivity."
"FIELDMAINTENANCE-00208","2025-07-11","2025-07","Northern","Team Riyadh","Preventive","Radio","Escalated","Field Central","1","3970.29","1492.83","96","7.15","No","At Risk","SYNTHETIC DEMO DATA — Work orders, preventive and corrective maintenance, response times, SLA compliance, and technician productivity."
"FIELDMAINTENANCE-00209","2025-07-24","2025-07","Central","Team Jeddah","Corrective","Power","In Progress","Vendor Services","10","5513.65","2139.3","88","7.76","Yes","Controlled","SYNTHETIC DEMO DATA — Work orders, preventive and corrective maintenance, response times, SLA compliance, and technician productivity."
"FIELDMAINTENANCE-00210","2025-08-06","2025-08","Eastern","Team Dammam","Emergency","Civil","Closed","Field Central","7","5663.99","1925.76","89","8.36","Yes","Controlled","SYNTHETIC DEMO DATA — Work orders, preventive and corrective maintenance, response times, SLA compliance, and technician productivity."
"FIELDMAINTENANCE-00211","2025-08-19","2025-08","Southern","Team Tabuk","Inspection","Cooling","Closed","Vendor Services","4","4790.51","1686.26","89","8.96","Yes","Controlled","SYNTHETIC DEMO DATA — Work orders, preventive and corrective maintenance, response times, SLA compliance, and technician productivity."
"FIELDMAINTENANCE-00212","2025-09-01","2025-09","Western","Team Abha","Preventive","Radio","Escalated","Field Central","1","6934.04","2523.99","90","9.57","Yes","At Risk","SYNTHETIC DEMO DATA — Work orders, preventive and corrective maintenance, response times, SLA compliance, and technician productivity."
"FIELDMAINTENANCE-00213","2025-09-14","2025-09","Northern","Team Riyadh","Corrective","Power","In Progress","Vendor Services","10","5945.33","2235.44","91","10.18","Yes","Controlled","SYNTHETIC DEMO DATA — Work orders, preventive and corrective maintenance, response times, SLA compliance, and technician productivity."
"FIELDMAINTENANCE-00214","2025-09-27","2025-09","Central","Team Jeddah","Emergency","Civil","Closed","Field Central","7","8113.15","3147.9","92","10.78","Yes","Controlled","SYNTHETIC DEMO DATA — Work orders, preventive and corrective maintenance, response times, SLA compliance, and technician productivity."
"FIELDMAINTENANCE-00215","2025-10-10","2025-10","Eastern","Team Dammam","Inspection","Cooling","Closed","Vendor Services","4","6042.38","2054.41","93","11.39","Yes","Controlled","SYNTHETIC DEMO DATA — Work orders, preventive and corrective maintenance, response times, SLA compliance, and technician productivity."
"FIELDMAINTENANCE-00216","2025-10-23","2025-10","Southern","Team Tabuk","Preventive","Radio","Escalated","Field Central","1","2986.47","1051.24","94","11.99","No","At Risk","SYNTHETIC DEMO DATA — Work orders, preventive and corrective maintenance, response times, SLA compliance, and technician productivity."
"FIELDMAINTENANCE-00217","2025-11-05","2025-11","Western","Team Abha","Corrective","Power","In Progress","Vendor Services","10","4448.11","1619.11","95","12.6","No","At Risk","SYNTHETIC DEMO DATA — Work orders, preventive and corrective maintenance, response times, SLA compliance, and technician productivity."
"FIELDMAINTENANCE-00218","2025-11-18","2025-11","Northern","Team Riyadh","Emergency","Civil","Closed","Field Central","7","3870.57","1455.33","95","13.2","Yes","Controlled","SYNTHETIC DEMO DATA — Work orders, preventive and corrective maintenance, response times, SLA compliance, and technician productivity."
"FIELDMAINTENANCE-00219","2025-12-01","2025-12","Central","Team Jeddah","Inspection","Cooling","Closed","Vendor Services","4","5666.36","2198.55","96","13.8","Yes","Controlled","SYNTHETIC DEMO DATA — Work orders, preventive and corrective maintenance, response times, SLA compliance, and technician productivity."
"FIELDMAINTENANCE-00220","2025-12-14","2025-12","Eastern","Team Dammam","Preventive","Radio","Escalated","Field Central","1","5508.47","1872.88","88","14.41","Yes","At Risk","SYNTHETIC DEMO DATA — Work orders, preventive and corrective maintenance, response times, SLA compliance, and technician productivity."
"FIELDMAINTENANCE-00221","2025-12-27","2025-12","Southern","Team Tabuk","Corrective","Power","In Progress","Vendor Services","10","4722.31","1662.25","89","7.15","Yes","Controlled","SYNTHETIC DEMO DATA — Work orders, preventive and corrective maintenance, response times, SLA compliance, and technician productivity."
"FIELDMAINTENANCE-00222","2026-01-09","2026-01","Western","Team Abha","Emergency","Civil","Closed","Field Central","7","6850.49","2493.58","89","7.76","Yes","Controlled","SYNTHETIC DEMO DATA — Work orders, preventive and corrective maintenance, response times, SLA compliance, and technician productivity."
"FIELDMAINTENANCE-00223","2026-01-22","2026-01","Northern","Team Riyadh","Inspection","Cooling","Closed","Vendor Services","4","5857.58","2202.45","90","8.36","Yes","Controlled","SYNTHETIC DEMO DATA — Work orders, preventive and corrective maintenance, response times, SLA compliance, and technician productivity."
"FIELDMAINTENANCE-00224","2026-02-04","2026-02","Central","Team Jeddah","Preventive","Radio","Escalated","Field Central","1","8393.26","3256.58","91","8.96","Yes","At Risk","SYNTHETIC DEMO DATA — Work orders, preventive and corrective maintenance, response times, SLA compliance, and technician productivity."
"FIELDMAINTENANCE-00225","2026-02-17","2026-02","Eastern","Team Dammam","Corrective","Power","In Progress","Vendor Services","10","4768.12","1621.16","92","9.57","No","At Risk","SYNTHETIC DEMO DATA — Work orders, preventive and corrective maintenance, response times, SLA compliance, and technician productivity."
"FIELDMAINTENANCE-00226","2026-03-02","2026-03","Southern","Team Tabuk","Emergency","Civil","Closed","Field Central","7","4291.21","1510.51","93","10.18","No","At Risk","SYNTHETIC DEMO DATA — Work orders, preventive and corrective maintenance, response times, SLA compliance, and technician productivity."
"FIELDMAINTENANCE-00227","2026-03-15","2026-03","Western","Team Abha","Inspection","Cooling","Closed","Vendor Services","4","5985.17","2178.6","94","10.78","Yes","Controlled","SYNTHETIC DEMO DATA — Work orders, preventive and corrective maintenance, response times, SLA compliance, and technician productivity."
"FIELDMAINTENANCE-00228","2026-03-28","2026-03","Northern","Team Riyadh","Preventive","Radio","Escalated","Field Central","1","5272.26","1982.37","95","11.39","Yes","At Risk","SYNTHETIC DEMO DATA — Work orders, preventive and corrective maintenance, response times, SLA compliance, and technician productivity."
"FIELDMAINTENANCE-00229","2026-04-10","2026-04","Central","Team Jeddah","Corrective","Power","In Progress","Vendor Services","10","5532.51","2146.61","95","11.99","Yes","Controlled","SYNTHETIC DEMO DATA — Work orders, preventive and corrective maintenance, response times, SLA compliance, and technician productivity."
"FIELDMAINTENANCE-00230","2026-04-23","2026-04","Eastern","Team Dammam","Emergency","Civil","Closed","Field Central","7","5359.93","1822.38","96","12.6","Yes","Controlled","SYNTHETIC DEMO DATA — Work orders, preventive and corrective maintenance, response times, SLA compliance, and technician productivity."
"FIELDMAINTENANCE-00231","2026-05-06","2026-05","Southern","Team Tabuk","Inspection","Cooling","Closed","Vendor Services","4","4785.52","1684.5","88","13.2","Yes","Controlled","SYNTHETIC DEMO DATA — Work orders, preventive and corrective maintenance, response times, SLA compliance, and technician productivity."
"FIELDMAINTENANCE-00232","2026-05-19","2026-05","Western","Team Abha","Preventive","Radio","Escalated","Field Central","1","6558.76","2387.39","89","13.8","Yes","At Risk","SYNTHETIC DEMO DATA — Work orders, preventive and corrective maintenance, response times, SLA compliance, and technician productivity."
"FIELDMAINTENANCE-00233","2026-06-01","2026-06","Northern","Team Riyadh","Corrective","Power","In Progress","Vendor Services","10","5923.31","2227.16","89","14.41","Yes","Controlled","SYNTHETIC DEMO DATA — Work orders, preventive and corrective maintenance, response times, SLA compliance, and technician productivity."
"FIELDMAINTENANCE-00234","2026-06-14","2026-06","Central","Team Jeddah","Emergency","Civil","Closed","Field Central","7","4767.38","1849.74","90","7.15","No","At Risk","SYNTHETIC DEMO DATA — Work orders, preventive and corrective maintenance, response times, SLA compliance, and technician productivity."
"FIELDMAINTENANCE-00235","2025-01-03","2025-01","Eastern","Team Dammam","Inspection","Cooling","Closed","Vendor Services","4","4548.26","1546.41","91","7.76","No","At Risk","SYNTHETIC DEMO DATA — Work orders, preventive and corrective maintenance, response times, SLA compliance, and technician productivity."
"FIELDMAINTENANCE-00236","2025-01-16","2025-01","Southern","Team Tabuk","Preventive","Radio","Escalated","Field Central","1","3878.79","1365.33","92","8.36","Yes","At Risk","SYNTHETIC DEMO DATA — Work orders, preventive and corrective maintenance, response times, SLA compliance, and technician productivity."
"FIELDMAINTENANCE-00237","2025-01-29","2025-01","Western","Team Abha","Corrective","Power","In Progress","Vendor Services","10","5386.18","1960.57","93","8.96","Yes","Controlled","SYNTHETIC DEMO DATA — Work orders, preventive and corrective maintenance, response times, SLA compliance, and technician productivity."
"FIELDMAINTENANCE-00238","2025-02-11","2025-02","Northern","Team Riyadh","Emergency","Civil","Closed","Field Central","7","4892.89","1839.73","94","9.57","Yes","Controlled","SYNTHETIC DEMO DATA — Work orders, preventive and corrective maintenance, response times, SLA compliance, and technician productivity."
"FIELDMAINTENANCE-00239","2025-02-24","2025-02","Central","Team Jeddah","Inspection","Cooling","Closed","Vendor Services","4","6715.85","2605.75","95","10.18","Yes","Controlled","SYNTHETIC DEMO DATA — Work orders, preventive and corrective maintenance, response times, SLA compliance, and technician productivity."
"FIELDMAINTENANCE-00240","2025-03-09","2025-03","Eastern","Team Dammam","Preventive","Radio","Escalated","Field Central","1","6810.8","2315.67","95","10.78","Yes","At Risk","SYNTHETIC DEMO DATA — Work orders, preventive and corrective maintenance, response times, SLA compliance, and technician productivity."
"FIELDMAINTENANCE-00241","2025-03-22","2025-03","Southern","Team Tabuk","Corrective","Power","In Progress","Vendor Services","10","5707.5","2009.04","96","11.39","Yes","Controlled","SYNTHETIC DEMO DATA — Work orders, preventive and corrective maintenance, response times, SLA compliance, and technician productivity."
"FIELDMAINTENANCE-00242","2025-04-04","2025-04","Western","Team Abha","Emergency","Civil","Closed","Field Central","7","6052.15","2202.98","88","11.99","Yes","Controlled","SYNTHETIC DEMO DATA — Work orders, preventive and corrective maintenance, response times, SLA compliance, and technician productivity."
"FIELDMAINTENANCE-00243","2025-04-17","2025-04","Northern","Team Riyadh","Inspection","Cooling","Closed","Vendor Services","4","3052.16","1147.61","89","12.6","No","At Risk","SYNTHETIC DEMO DATA — Work orders, preventive and corrective maintenance, response times, SLA compliance, and technician productivity."
"FIELDMAINTENANCE-00244","2025-04-30","2025-04","Central","Team Jeddah","Preventive","Radio","Escalated","Field Central","1","4260.08","1652.91","89","13.2","No","At Risk","SYNTHETIC DEMO DATA — Work orders, preventive and corrective maintenance, response times, SLA compliance, and technician productivity."
"FIELDMAINTENANCE-00245","2025-05-13","2025-05","Eastern","Team Dammam","Corrective","Power","In Progress","Vendor Services","10","4436.75","1508.5","90","13.8","Yes","Controlled","SYNTHETIC DEMO DATA — Work orders, preventive and corrective maintenance, response times, SLA compliance, and technician productivity."
"FIELDMAINTENANCE-00246","2025-05-26","2025-05","Southern","Team Tabuk","Emergency","Civil","Closed","Field Central","7","3767.08","1326.01","91","14.41","Yes","Controlled","SYNTHETIC DEMO DATA — Work orders, preventive and corrective maintenance, response times, SLA compliance, and technician productivity."
"FIELDMAINTENANCE-00247","2025-06-08","2025-06","Western","Team Abha","Inspection","Cooling","Closed","Vendor Services","4","5517.37","2008.32","92","7.15","Yes","Controlled","SYNTHETIC DEMO DATA — Work orders, preventive and corrective maintenance, response times, SLA compliance, and technician productivity."
"FIELDMAINTENANCE-00248","2025-06-21","2025-06","Northern","Team Riyadh","Preventive","Radio","Escalated","Field Central","1","4745.16","1784.18","93","7.76","Yes","At Risk","SYNTHETIC DEMO DATA — Work orders, preventive and corrective maintenance, response times, SLA compliance, and technician productivity."
"FIELDMAINTENANCE-00249","2025-07-04","2025-07","Central","Team Jeddah","Corrective","Power","In Progress","Vendor Services","10","6975.1","2706.34","94","8.36","Yes","Controlled","SYNTHETIC DEMO DATA — Work orders, preventive and corrective maintenance, response times, SLA compliance, and technician productivity."
"FIELDMAINTENANCE-00250","2025-07-17","2025-07","Eastern","Team Dammam","Emergency","Civil","Closed","Field Central","7","6718.39","2284.25","95","8.96","Yes","Controlled","SYNTHETIC DEMO DATA — Work orders, preventive and corrective maintenance, response times, SLA compliance, and technician productivity."
"FIELDMAINTENANCE-00251","2025-07-30","2025-07","Southern","Team Tabuk","Inspection","Cooling","Closed","Vendor Services","4","5616.11","1976.87","95","9.57","Yes","Controlled","SYNTHETIC DEMO DATA — Work orders, preventive and corrective maintenance, response times, SLA compliance, and technician productivity."
"FIELDMAINTENANCE-00252","2025-08-12","2025-08","Western","Team Abha","Preventive","Radio","Escalated","Field Central","1","4778.66","1739.43","96","10.18","No","At Risk","SYNTHETIC DEMO DATA — Work orders, preventive and corrective maintenance, response times, SLA compliance, and technician productivity."
"FIELDMAINTENANCE-00253","2025-08-25","2025-08","Northern","Team Riyadh","Corrective","Power","In Progress","Vendor Services","10","4179.26","1571.4","88","10.78","No","At Risk","SYNTHETIC DEMO DATA — Work orders, preventive and corrective maintenance, response times, SLA compliance, and technician productivity."
"FIELDMAINTENANCE-00254","2025-09-07","2025-09","Central","Team Jeddah","Emergency","Civil","Closed","Field Central","7","6094.04","2364.49","89","11.39","Yes","Controlled","SYNTHETIC DEMO DATA — Work orders, preventive and corrective maintenance, response times, SLA compliance, and technician productivity."
"FIELDMAINTENANCE-00255","2025-09-20","2025-09","Eastern","Team Dammam","Inspection","Cooling","Closed","Vendor Services","4","5947.19","2022.04","89","11.99","Yes","Controlled","SYNTHETIC DEMO DATA — Work orders, preventive and corrective maintenance, response times, SLA compliance, and technician productivity."
"FIELDMAINTENANCE-00256","2025-10-03","2025-10","Southern","Team Tabuk","Preventive","Radio","Escalated","Field Central","1","3899","1372.45","90","12.6","Yes","At Risk","SYNTHETIC DEMO DATA — Work orders, preventive and corrective maintenance, response times, SLA compliance, and technician productivity."
"FIELDMAINTENANCE-00257","2025-10-16","2025-10","Western","Team Abha","Corrective","Power","In Progress","Vendor Services","10","5374.87","1956.45","91","13.2","Yes","Controlled","SYNTHETIC DEMO DATA — Work orders, preventive and corrective maintenance, response times, SLA compliance, and technician productivity."
"FIELDMAINTENANCE-00258","2025-10-29","2025-10","Northern","Team Riyadh","Emergency","Civil","Closed","Field Central","7","4608.48","1732.79","92","13.8","Yes","Controlled","SYNTHETIC DEMO DATA — Work orders, preventive and corrective maintenance, response times, SLA compliance, and technician productivity."
"FIELDMAINTENANCE-00259","2025-11-11","2025-11","Central","Team Jeddah","Inspection","Cooling","Closed","Vendor Services","4","6681.9","2592.58","93","14.41","Yes","Controlled","SYNTHETIC DEMO DATA — Work orders, preventive and corrective maintenance, response times, SLA compliance, and technician productivity."
"FIELDMAINTENANCE-00260","2025-11-24","2025-11","Eastern","Team Dammam","Preventive","Radio","Escalated","Field Central","1","6420.03","2182.81","94","7.15","Yes","At Risk","SYNTHETIC DEMO DATA — Work orders, preventive and corrective maintenance, response times, SLA compliance, and technician productivity."
"FIELDMAINTENANCE-00040","2025-06-17","2025-06","Eastern","Team Dammam","Preventive","Radio","Escalated","Field Central","1","5320.32","1808.91","94","7.76","Yes","At Risk","SYNTHETIC DEMO DATA — Work orders, preventive and corrective maintenance, response times, SLA compliance, and technician productivity."
