VIP Dashboard Export,2
Canonical Definition,"{""applied_filters"":{""period"":""FY2026"",""region"":""الرياض""},""dashboard"":{""id"":""624703f5-da1e-5668-bb41-902b1eedc517"",""name"":""Enterprise Revenue / إيرادات المؤسسة"",""title"":""Enterprise Revenue / إيرادات المؤسسة""},""dashboard_id"":""624703f5-da1e-5668-bb41-902b1eedc517"",""dashboard_version"":7,""dashboard_version_id"":""738d7956-a831-5c73-bb8f-19961b248130"",""filters"":[{""default_value"":""FY2026"",""key"":""period"",""label"":""Period / الفترة"",""operator"":""equals""}],""pages"":[{""canvas"":{""columns"":12,""direction"":""rtl"",""theme"":""enterprise""},""key"":""page_01"",""name"":""Page 1 / الصفحة 1"",""position"":0,""title"":""kpi parity"",""widgets"":[{""config"":{""aria_label"":""Accessible kpi / kpi متاح"",""axis"":{""x"":{""title"":""المنطقة / Region""},""y"":{""title"":""الإيرادات / Revenue""}},""background"":""#FFF7ED"",""border"":true,""color_scheme"":""sunset"",""conditional"":[{""color"":""#DC2626"",""value"":40,""when"":""gt""}],""currency"":""SAR"",""date_format"":""yyyy-MM-dd"",""decimals"":2,""image"":{""alt"":""شعار المؤسسة / Enterprise logo"",""fit"":""contain""},""legend_position"":""bottom"",""number_style"":""currency"",""padding"":12,""percentage"":false,""pivot"":{""rows"":[""region""],""values"":[""revenue""]},""show_gridlines"":true,""show_labels"":true,""show_legend"":true,""table"":{""sticky_header"":true,""wrap"":true}},""content"":null,""dataset_binding"":{""dataset_id"":""8d368c5f-9071-5abc-af65-1c0cb33336d4""},""description"":""Enterprise ثم العربية 123"",""filters"":[{""field"":""region"",""operator"":""equals"",""value"":""الرياض""}],""hidden"":false,""id"":""275cc3f1-004b-53c9-9d48-d13a9219d42f"",""interactions"":{""crossFilter"":true,""drillDown"":true,""drillThrough"":""details"",""exportable"":true,""tooltip"":true},""layout"":{""h"":4,""w"":12,""x"":0,""y"":0},""locked"":true,""query"":{""dimensions"":[""region""],""filters"":[],""limit"":100,""metrics"":[""revenue"",""profit""],""order_by"":[{""direction"":""desc"",""field"":""revenue""}]},""result_metadata"":{""calculated_values"":[""revenue"",""profit""],""row_count"":2},""semantic_binding"":{""semantic_model_id"":""f2a7398e-51f4-530a-8d46-b596fa28c7bb""},""title"":""kpi / الإيرادات 2026"",""type"":""kpi""}]},{""canvas"":{""columns"":12,""direction"":""rtl"",""theme"":""enterprise""},""key"":""page_02"",""name"":""Page 2 / الصفحة 2"",""position"":1,""title"":""metric-comparison parity"",""widgets"":[{""config"":{""aria_label"":""Accessible metric-comparison / metric-comparison متاح"",""axis"":{""x"":{""title"":""المنطقة / Region""},""y"":{""title"":""الإيرادات / Revenue""}},""background"":""#FFF7ED"",""border"":true,""color_scheme"":""sunset"",""conditional"":[{""color"":""#DC2626"",""value"":40,""when"":""gt""}],""currency"":""SAR"",""date_format"":""yyyy-MM-dd"",""decimals"":2,""image"":{""alt"":""شعار المؤسسة / Enterprise logo"",""fit"":""contain""},""legend_position"":""bottom"",""number_style"":""currency"",""padding"":12,""percentage"":false,""pivot"":{""rows"":[""region""],""values"":[""revenue""]},""show_gridlines"":true,""show_labels"":true,""show_legend"":true,""table"":{""sticky_header"":true,""wrap"":true}},""content"":null,""dataset_binding"":{""dataset_id"":""8d368c5f-9071-5abc-af65-1c0cb33336d4""},""description"":""Enterprise ثم العربية 123"",""filters"":[{""field"":""region"",""operator"":""equals"",""value"":""الرياض""}],""hidden"":false,""id"":""43c0fd84-f893-5589-a9f1-5b395a023492"",""interactions"":{""crossFilter"":true,""drillDown"":true,""drillThrough"":""details"",""exportable"":true,""tooltip"":true},""layout"":{""h"":4,""w"":12,""x"":0,""y"":0},""locked"":false,""query"":{""dimensions"":[""region""],""filters"":[],""limit"":100,""metrics"":[""revenue"",""profit""],""order_by"":[{""direction"":""desc"",""field"":""revenue""}]},""result_metadata"":{""calculated_values"":[""revenue"",""profit""],""row_count"":2},""semantic_binding"":{""semantic_model_id"":""f2a7398e-51f4-530a-8d46-b596fa28c7bb""},""title"":""metric-comparison / الإيرادات 2026"",""type"":""metric-comparison""}]},{""canvas"":{""columns"":12,""direction"":""rtl"",""theme"":""enterprise""},""key"":""page_03"",""name"":""Page 3 / الصفحة 3"",""position"":2,""title"":""table parity"",""widgets"":[{""config"":{""aria_label"":""Accessible table / table متاح"",""axis"":{""x"":{""title"":""المنطقة / Region""},""y"":{""title"":""الإيرادات / Revenue""}},""background"":""#FFF7ED"",""border"":true,""color_scheme"":""sunset"",""conditional"":[{""color"":""#DC2626"",""value"":40,""when"":""gt""}],""currency"":""SAR"",""date_format"":""yyyy-MM-dd"",""decimals"":2,""image"":{""alt"":""شعار المؤسسة / Enterprise logo"",""fit"":""contain""},""legend_position"":""bottom"",""number_style"":""currency"",""padding"":12,""percentage"":false,""pivot"":{""rows"":[""region""],""values"":[""revenue""]},""show_gridlines"":true,""show_labels"":true,""show_legend"":true,""table"":{""sticky_header"":true,""wrap"":true}},""content"":null,""dataset_binding"":{""dataset_id"":""8d368c5f-9071-5abc-af65-1c0cb33336d4""},""description"":""Enterprise ثم العربية 123"",""filters"":[{""field"":""region"",""operator"":""equals"",""value"":""الرياض""}],""hidden"":false,""id"":""6b46c49e-af5b-5676-8b09-b1214b68833d"",""interactions"":{""crossFilter"":true,""drillDown"":true,""drillThrough"":""details"",""exportable"":true,""tooltip"":true},""layout"":{""h"":4,""w"":12,""x"":0,""y"":0},""locked"":true,""query"":{""dimensions"":[""region""],""filters"":[],""limit"":100,""metrics"":[""revenue"",""profit""],""order_by"":[{""direction"":""desc"",""field"":""revenue""}]},""result_metadata"":{""calculated_values"":[""revenue"",""profit""],""row_count"":2},""semantic_binding"":{""semantic_model_id"":""f2a7398e-51f4-530a-8d46-b596fa28c7bb""},""title"":""table / الإيرادات 2026"",""type"":""table""}]},{""canvas"":{""columns"":12,""direction"":""rtl"",""theme"":""enterprise""},""key"":""page_04"",""name"":""Page 4 / الصفحة 4"",""position"":3,""title"":""pivot parity"",""widgets"":[{""config"":{""aria_label"":""Accessible pivot / pivot متاح"",""axis"":{""x"":{""title"":""المنطقة / Region""},""y"":{""title"":""الإيرادات / Revenue""}},""background"":""#FFF7ED"",""border"":true,""color_scheme"":""sunset"",""conditional"":[{""color"":""#DC2626"",""value"":40,""when"":""gt""}],""currency"":""SAR"",""date_format"":""yyyy-MM-dd"",""decimals"":2,""image"":{""alt"":""شعار المؤسسة / Enterprise logo"",""fit"":""contain""},""legend_position"":""bottom"",""number_style"":""currency"",""padding"":12,""percentage"":false,""pivot"":{""rows"":[""region""],""values"":[""revenue""]},""show_gridlines"":true,""show_labels"":true,""show_legend"":true,""table"":{""sticky_header"":true,""wrap"":true}},""content"":null,""dataset_binding"":{""dataset_id"":""8d368c5f-9071-5abc-af65-1c0cb33336d4""},""description"":""Enterprise ثم العربية 123"",""filters"":[{""field"":""region"",""operator"":""equals"",""value"":""الرياض""}],""hidden"":false,""id"":""6c236585-0ba3-504a-88e1-f0bb92293c92"",""interactions"":{""crossFilter"":true,""drillDown"":true,""drillThrough"":""details"",""exportable"":true,""tooltip"":true},""layout"":{""h"":4,""w"":12,""x"":0,""y"":0},""locked"":false,""query"":{""dimensions"":[""region""],""filters"":[],""limit"":100,""metrics"":[""revenue"",""profit""],""order_by"":[{""direction"":""desc"",""field"":""revenue""}]},""result_metadata"":{""calculated_values"":[""revenue"",""profit""],""row_count"":2},""semantic_binding"":{""semantic_model_id"":""f2a7398e-51f4-530a-8d46-b596fa28c7bb""},""title"":""pivot / الإيرادات 2026"",""type"":""pivot""}]},{""canvas"":{""columns"":12,""direction"":""rtl"",""theme"":""enterprise""},""key"":""page_05"",""name"":""Page 5 / الصفحة 5"",""position"":4,""title"":""bar parity"",""widgets"":[{""config"":{""aria_label"":""Accessible bar / bar متاح"",""axis"":{""x"":{""title"":""المنطقة / Region""},""y"":{""title"":""الإيرادات / Revenue""}},""background"":""#FFF7ED"",""border"":true,""color_scheme"":""sunset"",""conditional"":[{""color"":""#DC2626"",""value"":40,""when"":""gt""}],""currency"":""SAR"",""date_format"":""yyyy-MM-dd"",""decimals"":2,""image"":{""alt"":""شعار المؤسسة / Enterprise logo"",""fit"":""contain""},""legend_position"":""bottom"",""number_style"":""currency"",""padding"":12,""percentage"":false,""pivot"":{""rows"":[""region""],""values"":[""revenue""]},""show_gridlines"":true,""show_labels"":true,""show_legend"":true,""table"":{""sticky_header"":true,""wrap"":true}},""content"":null,""dataset_binding"":{""dataset_id"":""8d368c5f-9071-5abc-af65-1c0cb33336d4""},""description"":""Enterprise ثم العربية 123"",""filters"":[{""field"":""region"",""operator"":""equals"",""value"":""الرياض""}],""hidden"":false,""id"":""2e1bf24e-377d-5da9-b5a2-afa38b91be4d"",""interactions"":{""crossFilter"":true,""drillDown"":true,""drillThrough"":""details"",""exportable"":true,""tooltip"":true},""layout"":{""h"":4,""w"":12,""x"":0,""y"":0},""locked"":true,""query"":{""dimensions"":[""region""],""filters"":[],""limit"":100,""metrics"":[""revenue"",""profit""],""order_by"":[{""direction"":""desc"",""field"":""revenue""}]},""result_metadata"":{""calculated_values"":[""revenue"",""profit""],""row_count"":2},""semantic_binding"":{""semantic_model_id"":""f2a7398e-51f4-530a-8d46-b596fa28c7bb""},""title"":""bar / الإيرادات 2026"",""type"":""bar""}]},{""canvas"":{""columns"":12,""direction"":""rtl"",""theme"":""enterprise""},""key"":""page_06"",""name"":""Page 6 / الصفحة 6"",""position"":5,""title"":""stacked-bar parity"",""widgets"":[{""config"":{""aria_label"":""Accessible stacked-bar / stacked-bar متاح"",""axis"":{""x"":{""title"":""المنطقة / Region""},""y"":{""title"":""الإيرادات / Revenue""}},""background"":""#FFF7ED"",""border"":true,""color_scheme"":""sunset"",""conditional"":[{""color"":""#DC2626"",""value"":40,""when"":""gt""}],""currency"":""SAR"",""date_format"":""yyyy-MM-dd"",""decimals"":2,""image"":{""alt"":""شعار المؤسسة / Enterprise logo"",""fit"":""contain""},""legend_position"":""bottom"",""number_style"":""currency"",""padding"":12,""percentage"":false,""pivot"":{""rows"":[""region""],""values"":[""revenue""]},""show_gridlines"":true,""show_labels"":true,""show_legend"":true,""table"":{""sticky_header"":true,""wrap"":true}},""content"":null,""dataset_binding"":{""dataset_id"":""8d368c5f-9071-5abc-af65-1c0cb33336d4""},""description"":""Enterprise ثم العربية 123"",""filters"":[{""field"":""region"",""operator"":""equals"",""value"":""الرياض""}],""hidden"":false,""id"":""ac72eef0-0a88-5bf4-aabb-b4b5f7956bd1"",""interactions"":{""crossFilter"":true,""drillDown"":true,""drillThrough"":""details"",""exportable"":true,""tooltip"":true},""layout"":{""h"":4,""w"":12,""x"":0,""y"":0},""locked"":false,""query"":{""dimensions"":[""region""],""filters"":[],""limit"":100,""metrics"":[""revenue"",""profit""],""order_by"":[{""direction"":""desc"",""field"":""revenue""}]},""result_metadata"":{""calculated_values"":[""revenue"",""profit""],""row_count"":2},""semantic_binding"":{""semantic_model_id"":""f2a7398e-51f4-530a-8d46-b596fa28c7bb""},""title"":""stacked-bar / الإيرادات 2026"",""type"":""stacked-bar""}]},{""canvas"":{""columns"":12,""direction"":""rtl"",""theme"":""enterprise""},""key"":""page_07"",""name"":""Page 7 / الصفحة 7"",""position"":6,""title"":""column parity"",""widgets"":[{""config"":{""aria_label"":""Accessible column / column متاح"",""axis"":{""x"":{""title"":""المنطقة / Region""},""y"":{""title"":""الإيرادات / Revenue""}},""background"":""#FFF7ED"",""border"":true,""color_scheme"":""sunset"",""conditional"":[{""color"":""#DC2626"",""value"":40,""when"":""gt""}],""currency"":""SAR"",""date_format"":""yyyy-MM-dd"",""decimals"":2,""image"":{""alt"":""شعار المؤسسة / Enterprise logo"",""fit"":""contain""},""legend_position"":""bottom"",""number_style"":""currency"",""padding"":12,""percentage"":false,""pivot"":{""rows"":[""region""],""values"":[""revenue""]},""show_gridlines"":true,""show_labels"":true,""show_legend"":true,""table"":{""sticky_header"":true,""wrap"":true}},""content"":null,""dataset_binding"":{""dataset_id"":""8d368c5f-9071-5abc-af65-1c0cb33336d4""},""description"":""Enterprise ثم العربية 123"",""filters"":[{""field"":""region"",""operator"":""equals"",""value"":""الرياض""}],""hidden"":false,""id"":""79d83897-1c77-5955-86b7-03b274af73d8"",""interactions"":{""crossFilter"":true,""drillDown"":true,""drillThrough"":""details"",""exportable"":true,""tooltip"":true},""layout"":{""h"":4,""w"":12,""x"":0,""y"":0},""locked"":true,""query"":{""dimensions"":[""region""],""filters"":[],""limit"":100,""metrics"":[""revenue"",""profit""],""order_by"":[{""direction"":""desc"",""field"":""revenue""}]},""result_metadata"":{""calculated_values"":[""revenue"",""profit""],""row_count"":2},""semantic_binding"":{""semantic_model_id"":""f2a7398e-51f4-530a-8d46-b596fa28c7bb""},""title"":""column / الإيرادات 2026"",""type"":""column""}]},{""canvas"":{""columns"":12,""direction"":""rtl"",""theme"":""enterprise""},""key"":""page_08"",""name"":""Page 8 / الصفحة 8"",""position"":7,""title"":""line parity"",""widgets"":[{""config"":{""aria_label"":""Accessible line / line متاح"",""axis"":{""x"":{""title"":""المنطقة / Region""},""y"":{""title"":""الإيرادات / Revenue""}},""background"":""#FFF7ED"",""border"":true,""color_scheme"":""sunset"",""conditional"":[{""color"":""#DC2626"",""value"":40,""when"":""gt""}],""currency"":""SAR"",""date_format"":""yyyy-MM-dd"",""decimals"":2,""image"":{""alt"":""شعار المؤسسة / Enterprise logo"",""fit"":""contain""},""legend_position"":""bottom"",""number_style"":""currency"",""padding"":12,""percentage"":false,""pivot"":{""rows"":[""region""],""values"":[""revenue""]},""show_gridlines"":true,""show_labels"":true,""show_legend"":true,""table"":{""sticky_header"":true,""wrap"":true}},""content"":null,""dataset_binding"":{""dataset_id"":""8d368c5f-9071-5abc-af65-1c0cb33336d4""},""description"":""Enterprise ثم العربية 123"",""filters"":[{""field"":""region"",""operator"":""equals"",""value"":""الرياض""}],""hidden"":false,""id"":""b10bfb76-cb9f-590f-a223-0157591df869"",""interactions"":{""crossFilter"":true,""drillDown"":true,""drillThrough"":""details"",""exportable"":true,""tooltip"":true},""layout"":{""h"":4,""w"":12,""x"":0,""y"":0},""locked"":false,""query"":{""dimensions"":[""region""],""filters"":[],""limit"":100,""metrics"":[""revenue"",""profit""],""order_by"":[{""direction"":""desc"",""field"":""revenue""}]},""result_metadata"":{""calculated_values"":[""revenue"",""profit""],""row_count"":2},""semantic_binding"":{""semantic_model_id"":""f2a7398e-51f4-530a-8d46-b596fa28c7bb""},""title"":""line / الإيرادات 2026"",""type"":""line""}]},{""canvas"":{""columns"":12,""direction"":""rtl"",""theme"":""enterprise""},""key"":""page_09"",""name"":""Page 9 / الصفحة 9"",""position"":8,""title"":""area parity"",""widgets"":[{""config"":{""aria_label"":""Accessible area / area متاح"",""axis"":{""x"":{""title"":""المنطقة / Region""},""y"":{""title"":""الإيرادات / Revenue""}},""background"":""#FFF7ED"",""border"":true,""color_scheme"":""sunset"",""conditional"":[{""color"":""#DC2626"",""value"":40,""when"":""gt""}],""currency"":""SAR"",""date_format"":""yyyy-MM-dd"",""decimals"":2,""image"":{""alt"":""شعار المؤسسة / Enterprise logo"",""fit"":""contain""},""legend_position"":""bottom"",""number_style"":""currency"",""padding"":12,""percentage"":false,""pivot"":{""rows"":[""region""],""values"":[""revenue""]},""show_gridlines"":true,""show_labels"":true,""show_legend"":true,""table"":{""sticky_header"":true,""wrap"":true}},""content"":null,""dataset_binding"":{""dataset_id"":""8d368c5f-9071-5abc-af65-1c0cb33336d4""},""description"":""Enterprise ثم العربية 123"",""filters"":[{""field"":""region"",""operator"":""equals"",""value"":""الرياض""}],""hidden"":false,""id"":""59ba2bfe-1da2-52c4-b132-ceba8304af54"",""interactions"":{""crossFilter"":true,""drillDown"":true,""drillThrough"":""details"",""exportable"":true,""tooltip"":true},""layout"":{""h"":4,""w"":12,""x"":0,""y"":0},""locked"":true,""query"":{""dimensions"":[""region""],""filters"":[],""limit"":100,""metrics"":[""revenue"",""profit""],""order_by"":[{""direction"":""desc"",""field"":""revenue""}]},""result_metadata"":{""calculated_values"":[""revenue"",""profit""],""row_count"":2},""semantic_binding"":{""semantic_model_id"":""f2a7398e-51f4-530a-8d46-b596fa28c7bb""},""title"":""area / الإيرادات 2026"",""type"":""area""}]},{""canvas"":{""columns"":12,""direction"":""rtl"",""theme"":""enterprise""},""key"":""page_10"",""name"":""Page 10 / الصفحة 10"",""position"":9,""title"":""pie parity"",""widgets"":[{""config"":{""aria_label"":""Accessible pie / pie متاح"",""axis"":{""x"":{""title"":""المنطقة / Region""},""y"":{""title"":""الإيرادات / Revenue""}},""background"":""#FFF7ED"",""border"":true,""color_scheme"":""sunset"",""conditional"":[{""color"":""#DC2626"",""value"":40,""when"":""gt""}],""currency"":""SAR"",""date_format"":""yyyy-MM-dd"",""decimals"":2,""image"":{""alt"":""شعار المؤسسة / Enterprise logo"",""fit"":""contain""},""legend_position"":""bottom"",""number_style"":""currency"",""padding"":12,""percentage"":false,""pivot"":{""rows"":[""region""],""values"":[""revenue""]},""show_gridlines"":true,""show_labels"":true,""show_legend"":true,""table"":{""sticky_header"":true,""wrap"":true}},""content"":null,""dataset_binding"":{""dataset_id"":""8d368c5f-9071-5abc-af65-1c0cb33336d4""},""description"":""Enterprise ثم العربية 123"",""filters"":[{""field"":""region"",""operator"":""equals"",""value"":""الرياض""}],""hidden"":false,""id"":""dcfe4dec-98d7-579d-9e8a-88dbda396464"",""interactions"":{""crossFilter"":true,""drillDown"":true,""drillThrough"":""details"",""exportable"":true,""tooltip"":true},""layout"":{""h"":4,""w"":12,""x"":0,""y"":0},""locked"":false,""query"":{""dimensions"":[""region""],""filters"":[],""limit"":100,""metrics"":[""revenue"",""profit""],""order_by"":[{""direction"":""desc"",""field"":""revenue""}]},""result_metadata"":{""calculated_values"":[""revenue"",""profit""],""row_count"":2},""semantic_binding"":{""semantic_model_id"":""f2a7398e-51f4-530a-8d46-b596fa28c7bb""},""title"":""pie / الإيرادات 2026"",""type"":""pie""}]},{""canvas"":{""columns"":12,""direction"":""rtl"",""theme"":""enterprise""},""key"":""page_11"",""name"":""Page 11 / الصفحة 11"",""position"":10,""title"":""donut parity"",""widgets"":[{""config"":{""aria_label"":""Accessible donut / donut متاح"",""axis"":{""x"":{""title"":""المنطقة / Region""},""y"":{""title"":""الإيرادات / Revenue""}},""background"":""#FFF7ED"",""border"":true,""color_scheme"":""sunset"",""conditional"":[{""color"":""#DC2626"",""value"":40,""when"":""gt""}],""currency"":""SAR"",""date_format"":""yyyy-MM-dd"",""decimals"":2,""image"":{""alt"":""شعار المؤسسة / Enterprise logo"",""fit"":""contain""},""legend_position"":""bottom"",""number_style"":""currency"",""padding"":12,""percentage"":false,""pivot"":{""rows"":[""region""],""values"":[""revenue""]},""show_gridlines"":true,""show_labels"":true,""show_legend"":true,""table"":{""sticky_header"":true,""wrap"":true}},""content"":null,""dataset_binding"":{""dataset_id"":""8d368c5f-9071-5abc-af65-1c0cb33336d4""},""description"":""Enterprise ثم العربية 123"",""filters"":[{""field"":""region"",""operator"":""equals"",""value"":""الرياض""}],""hidden"":false,""id"":""65f2137a-d2fb-57ac-8af2-bb78c1ef4d25"",""interactions"":{""crossFilter"":true,""drillDown"":true,""drillThrough"":""details"",""exportable"":true,""tooltip"":true},""layout"":{""h"":4,""w"":12,""x"":0,""y"":0},""locked"":true,""query"":{""dimensions"":[""region""],""filters"":[],""limit"":100,""metrics"":[""revenue"",""profit""],""order_by"":[{""direction"":""desc"",""field"":""revenue""}]},""result_metadata"":{""calculated_values"":[""revenue"",""profit""],""row_count"":2},""semantic_binding"":{""semantic_model_id"":""f2a7398e-51f4-530a-8d46-b596fa28c7bb""},""title"":""donut / الإيرادات 2026"",""type"":""donut""}]},{""canvas"":{""columns"":12,""direction"":""rtl"",""theme"":""enterprise""},""key"":""page_12"",""name"":""Page 12 / الصفحة 12"",""position"":11,""title"":""scatter parity"",""widgets"":[{""config"":{""aria_label"":""Accessible scatter / scatter متاح"",""axis"":{""x"":{""title"":""المنطقة / Region""},""y"":{""title"":""الإيرادات / Revenue""}},""background"":""#FFF7ED"",""border"":true,""color_scheme"":""sunset"",""conditional"":[{""color"":""#DC2626"",""value"":40,""when"":""gt""}],""currency"":""SAR"",""date_format"":""yyyy-MM-dd"",""decimals"":2,""image"":{""alt"":""شعار المؤسسة / Enterprise logo"",""fit"":""contain""},""legend_position"":""bottom"",""number_style"":""currency"",""padding"":12,""percentage"":false,""pivot"":{""rows"":[""region""],""values"":[""revenue""]},""show_gridlines"":true,""show_labels"":true,""show_legend"":true,""table"":{""sticky_header"":true,""wrap"":true}},""content"":null,""dataset_binding"":{""dataset_id"":""8d368c5f-9071-5abc-af65-1c0cb33336d4""},""description"":""Enterprise ثم العربية 123"",""filters"":[{""field"":""region"",""operator"":""equals"",""value"":""الرياض""}],""hidden"":false,""id"":""747483a4-13a2-5deb-ba05-4497c374f010"",""interactions"":{""crossFilter"":true,""drillDown"":true,""drillThrough"":""details"",""exportable"":true,""tooltip"":true},""layout"":{""h"":4,""w"":12,""x"":0,""y"":0},""locked"":false,""query"":{""dimensions"":[""region""],""filters"":[],""limit"":100,""metrics"":[""revenue"",""profit""],""order_by"":[{""direction"":""desc"",""field"":""revenue""}]},""result_metadata"":{""calculated_values"":[""revenue"",""profit""],""row_count"":2},""semantic_binding"":{""semantic_model_id"":""f2a7398e-51f4-530a-8d46-b596fa28c7bb""},""title"":""scatter / الإيرادات 2026"",""type"":""scatter""}]},{""canvas"":{""columns"":12,""direction"":""rtl"",""theme"":""enterprise""},""key"":""page_13"",""name"":""Page 13 / الصفحة 13"",""position"":12,""title"":""gauge parity"",""widgets"":[{""config"":{""aria_label"":""Accessible gauge / gauge متاح"",""axis"":{""x"":{""title"":""المنطقة / Region""},""y"":{""title"":""الإيرادات / Revenue""}},""background"":""#FFF7ED"",""border"":true,""color_scheme"":""sunset"",""conditional"":[{""color"":""#DC2626"",""value"":40,""when"":""gt""}],""currency"":""SAR"",""date_format"":""yyyy-MM-dd"",""decimals"":2,""image"":{""alt"":""شعار المؤسسة / Enterprise logo"",""fit"":""contain""},""legend_position"":""bottom"",""number_style"":""currency"",""padding"":12,""percentage"":false,""pivot"":{""rows"":[""region""],""values"":[""revenue""]},""show_gridlines"":true,""show_labels"":true,""show_legend"":true,""table"":{""sticky_header"":true,""wrap"":true}},""content"":null,""dataset_binding"":{""dataset_id"":""8d368c5f-9071-5abc-af65-1c0cb33336d4""},""description"":""Enterprise ثم العربية 123"",""filters"":[{""field"":""region"",""operator"":""equals"",""value"":""الرياض""}],""hidden"":false,""id"":""660aa08e-da58-5b47-8065-b9cbb38686b7"",""interactions"":{""crossFilter"":true,""drillDown"":true,""drillThrough"":""details"",""exportable"":true,""tooltip"":true},""layout"":{""h"":4,""w"":12,""x"":0,""y"":0},""locked"":true,""query"":{""dimensions"":[""region""],""filters"":[],""limit"":100,""metrics"":[""revenue"",""profit""],""order_by"":[{""direction"":""desc"",""field"":""revenue""}]},""result_metadata"":{""calculated_values"":[""revenue"",""profit""],""row_count"":2},""semantic_binding"":{""semantic_model_id"":""f2a7398e-51f4-530a-8d46-b596fa28c7bb""},""title"":""gauge / الإيرادات 2026"",""type"":""gauge""}]},{""canvas"":{""columns"":12,""direction"":""rtl"",""theme"":""enterprise""},""key"":""page_14"",""name"":""Page 14 / الصفحة 14"",""position"":13,""title"":""progress parity"",""widgets"":[{""config"":{""aria_label"":""Accessible progress / progress متاح"",""axis"":{""x"":{""title"":""المنطقة / Region""},""y"":{""title"":""الإيرادات / Revenue""}},""background"":""#FFF7ED"",""border"":true,""color_scheme"":""sunset"",""conditional"":[{""color"":""#DC2626"",""value"":40,""when"":""gt""}],""currency"":""SAR"",""date_format"":""yyyy-MM-dd"",""decimals"":2,""image"":{""alt"":""شعار المؤسسة / Enterprise logo"",""fit"":""contain""},""legend_position"":""bottom"",""number_style"":""currency"",""padding"":12,""percentage"":false,""pivot"":{""rows"":[""region""],""values"":[""revenue""]},""show_gridlines"":true,""show_labels"":true,""show_legend"":true,""table"":{""sticky_header"":true,""wrap"":true}},""content"":null,""dataset_binding"":{""dataset_id"":""8d368c5f-9071-5abc-af65-1c0cb33336d4""},""description"":""Enterprise ثم العربية 123"",""filters"":[{""field"":""region"",""operator"":""equals"",""value"":""الرياض""}],""hidden"":false,""id"":""9049a2aa-7184-576b-ad22-c96e409f8fca"",""interactions"":{""crossFilter"":true,""drillDown"":true,""drillThrough"":""details"",""exportable"":true,""tooltip"":true},""layout"":{""h"":4,""w"":12,""x"":0,""y"":0},""locked"":false,""query"":{""dimensions"":[""region""],""filters"":[],""limit"":100,""metrics"":[""revenue"",""profit""],""order_by"":[{""direction"":""desc"",""field"":""revenue""}]},""result_metadata"":{""calculated_values"":[""revenue"",""profit""],""row_count"":2},""semantic_binding"":{""semantic_model_id"":""f2a7398e-51f4-530a-8d46-b596fa28c7bb""},""title"":""progress / الإيرادات 2026"",""type"":""progress""}]},{""canvas"":{""columns"":12,""direction"":""rtl"",""theme"":""enterprise""},""key"":""page_15"",""name"":""Page 15 / الصفحة 15"",""position"":14,""title"":""text parity"",""widgets"":[{""config"":{""aria_label"":""Accessible text / text متاح"",""axis"":{""x"":{""title"":""المنطقة / Region""},""y"":{""title"":""الإيرادات / Revenue""}},""background"":""#FFF7ED"",""border"":true,""color_scheme"":""sunset"",""conditional"":[{""color"":""#DC2626"",""value"":40,""when"":""gt""}],""currency"":""SAR"",""date_format"":""yyyy-MM-dd"",""decimals"":2,""image"":{""alt"":""شعار المؤسسة / Enterprise logo"",""fit"":""contain""},""legend_position"":""bottom"",""number_style"":""currency"",""padding"":12,""percentage"":false,""pivot"":{""rows"":[""region""],""values"":[""revenue""]},""show_gridlines"":true,""show_labels"":true,""show_legend"":true,""table"":{""sticky_header"":true,""wrap"":true}},""content"":""ملاحظة Enterprise طويلة 2026 — القيمة ٤٢"",""dataset_binding"":{""dataset_id"":""8d368c5f-9071-5abc-af65-1c0cb33336d4""},""description"":""Enterprise ثم العربية 123"",""filters"":[{""field"":""region"",""operator"":""equals"",""value"":""الرياض""}],""hidden"":false,""id"":""65c8d9da-dae4-54ac-93d2-65d038aa4e4d"",""interactions"":{""crossFilter"":true,""drillDown"":true,""drillThrough"":""details"",""exportable"":true,""tooltip"":true},""layout"":{""h"":4,""w"":12,""x"":0,""y"":0},""locked"":true,""query"":{""dimensions"":[""region""],""filters"":[],""limit"":100,""metrics"":[""revenue"",""profit""],""order_by"":[{""direction"":""desc"",""field"":""revenue""}]},""result_metadata"":{""calculated_values"":[""revenue"",""profit""],""row_count"":2},""semantic_binding"":{""semantic_model_id"":""f2a7398e-51f4-530a-8d46-b596fa28c7bb""},""title"":""text / الإيرادات 2026"",""type"":""text""}]},{""canvas"":{""columns"":12,""direction"":""rtl"",""theme"":""enterprise""},""key"":""page_16"",""name"":""Page 16 / الصفحة 16"",""position"":15,""title"":""rich-text parity"",""widgets"":[{""config"":{""aria_label"":""Accessible rich-text / rich-text متاح"",""axis"":{""x"":{""title"":""المنطقة / Region""},""y"":{""title"":""الإيرادات / Revenue""}},""background"":""#FFF7ED"",""border"":true,""color_scheme"":""sunset"",""conditional"":[{""color"":""#DC2626"",""value"":40,""when"":""gt""}],""currency"":""SAR"",""date_format"":""yyyy-MM-dd"",""decimals"":2,""image"":{""alt"":""شعار المؤسسة / Enterprise logo"",""fit"":""contain""},""legend_position"":""bottom"",""number_style"":""currency"",""padding"":12,""percentage"":false,""pivot"":{""rows"":[""region""],""values"":[""revenue""]},""show_gridlines"":true,""show_labels"":true,""show_legend"":true,""table"":{""sticky_header"":true,""wrap"":true}},""content"":""ملاحظة Enterprise طويلة 2026 — القيمة ٤٢"",""dataset_binding"":{""dataset_id"":""8d368c5f-9071-5abc-af65-1c0cb33336d4""},""description"":""Enterprise ثم العربية 123"",""filters"":[{""field"":""region"",""operator"":""equals"",""value"":""الرياض""}],""hidden"":false,""id"":""419858da-ad4c-56ce-bc3f-477c4f89b945"",""interactions"":{""crossFilter"":true,""drillDown"":true,""drillThrough"":""details"",""exportable"":true,""tooltip"":true},""layout"":{""h"":4,""w"":12,""x"":0,""y"":0},""locked"":false,""query"":{""dimensions"":[""region""],""filters"":[],""limit"":100,""metrics"":[""revenue"",""profit""],""order_by"":[{""direction"":""desc"",""field"":""revenue""}]},""result_metadata"":{""calculated_values"":[""revenue"",""profit""],""row_count"":2},""semantic_binding"":{""semantic_model_id"":""f2a7398e-51f4-530a-8d46-b596fa28c7bb""},""title"":""rich-text / الإيرادات 2026"",""type"":""rich-text""}]},{""canvas"":{""columns"":12,""direction"":""rtl"",""theme"":""enterprise""},""key"":""page_17"",""name"":""Page 17 / الصفحة 17"",""position"":16,""title"":""image parity"",""widgets"":[{""config"":{""aria_label"":""Accessible image / image متاح"",""axis"":{""x"":{""title"":""المنطقة / Region""},""y"":{""title"":""الإيرادات / Revenue""}},""background"":""#FFF7ED"",""border"":true,""color_scheme"":""sunset"",""conditional"":[{""color"":""#DC2626"",""value"":40,""when"":""gt""}],""currency"":""SAR"",""date_format"":""yyyy-MM-dd"",""decimals"":2,""image"":{""alt"":""شعار المؤسسة / Enterprise logo"",""fit"":""contain""},""legend_position"":""bottom"",""number_style"":""currency"",""padding"":12,""percentage"":false,""pivot"":{""rows"":[""region""],""values"":[""revenue""]},""show_gridlines"":true,""show_labels"":true,""show_legend"":true,""table"":{""sticky_header"":true,""wrap"":true}},""content"":""ملاحظة Enterprise طويلة 2026 — القيمة ٤٢"",""dataset_binding"":{""dataset_id"":""8d368c5f-9071-5abc-af65-1c0cb33336d4""},""description"":""Enterprise ثم العربية 123"",""filters"":[{""field"":""region"",""operator"":""equals"",""value"":""الرياض""}],""hidden"":false,""id"":""16114c69-0772-5173-8bb1-23de226cbd4b"",""interactions"":{""crossFilter"":true,""drillDown"":true,""drillThrough"":""details"",""exportable"":true,""tooltip"":true},""layout"":{""h"":4,""w"":12,""x"":0,""y"":0},""locked"":true,""query"":{""dimensions"":[""region""],""filters"":[],""limit"":100,""metrics"":[""revenue"",""profit""],""order_by"":[{""direction"":""desc"",""field"":""revenue""}]},""result_metadata"":{""calculated_values"":[""revenue"",""profit""],""row_count"":2},""semantic_binding"":{""semantic_model_id"":""f2a7398e-51f4-530a-8d46-b596fa28c7bb""},""title"":""image / الإيرادات 2026"",""type"":""image""}]},{""canvas"":{""columns"":12,""direction"":""rtl"",""theme"":""enterprise""},""key"":""page_18"",""name"":""Page 18 / الصفحة 18"",""position"":17,""title"":""filter parity"",""widgets"":[{""config"":{""aria_label"":""Accessible filter / filter متاح"",""axis"":{""x"":{""title"":""المنطقة / Region""},""y"":{""title"":""الإيرادات / Revenue""}},""background"":""#FFF7ED"",""border"":true,""color_scheme"":""sunset"",""conditional"":[{""color"":""#DC2626"",""value"":40,""when"":""gt""}],""currency"":""SAR"",""date_format"":""yyyy-MM-dd"",""decimals"":2,""image"":{""alt"":""شعار المؤسسة / Enterprise logo"",""fit"":""contain""},""legend_position"":""bottom"",""number_style"":""currency"",""padding"":12,""percentage"":false,""pivot"":{""rows"":[""region""],""values"":[""revenue""]},""show_gridlines"":true,""show_labels"":true,""show_legend"":true,""table"":{""sticky_header"":true,""wrap"":true}},""content"":""ملاحظة Enterprise طويلة 2026 — القيمة ٤٢"",""dataset_binding"":{""dataset_id"":""8d368c5f-9071-5abc-af65-1c0cb33336d4""},""description"":""Enterprise ثم العربية 123"",""filters"":[{""field"":""region"",""operator"":""equals"",""value"":""الرياض""}],""hidden"":false,""id"":""e9b4f621-c07f-5b06-a3b7-b4a0127e7378"",""interactions"":{""crossFilter"":true,""drillDown"":true,""drillThrough"":""details"",""exportable"":true,""tooltip"":true},""layout"":{""h"":4,""w"":12,""x"":0,""y"":0},""locked"":false,""query"":{""dimensions"":[""region""],""filters"":[],""limit"":100,""metrics"":[""revenue"",""profit""],""order_by"":[{""direction"":""desc"",""field"":""revenue""}]},""result_metadata"":{""calculated_values"":[""revenue"",""profit""],""row_count"":2},""semantic_binding"":{""semantic_model_id"":""f2a7398e-51f4-530a-8d46-b596fa28c7bb""},""title"":""filter / الإيرادات 2026"",""type"":""filter""}]},{""canvas"":{""columns"":12,""direction"":""rtl"",""theme"":""enterprise""},""key"":""page_19"",""name"":""Page 19 / الصفحة 19"",""position"":18,""title"":""date-filter parity"",""widgets"":[{""config"":{""aria_label"":""Accessible date-filter / date-filter متاح"",""axis"":{""x"":{""title"":""المنطقة / Region""},""y"":{""title"":""الإيرادات / Revenue""}},""background"":""#FFF7ED"",""border"":true,""color_scheme"":""sunset"",""conditional"":[{""color"":""#DC2626"",""value"":40,""when"":""gt""}],""currency"":""SAR"",""date_format"":""yyyy-MM-dd"",""decimals"":2,""image"":{""alt"":""شعار المؤسسة / Enterprise logo"",""fit"":""contain""},""legend_position"":""bottom"",""number_style"":""currency"",""padding"":12,""percentage"":false,""pivot"":{""rows"":[""region""],""values"":[""revenue""]},""show_gridlines"":true,""show_labels"":true,""show_legend"":true,""table"":{""sticky_header"":true,""wrap"":true}},""content"":""ملاحظة Enterprise طويلة 2026 — القيمة ٤٢"",""dataset_binding"":{""dataset_id"":""8d368c5f-9071-5abc-af65-1c0cb33336d4""},""description"":""Enterprise ثم العربية 123"",""filters"":[{""field"":""region"",""operator"":""equals"",""value"":""الرياض""}],""hidden"":false,""id"":""761a4bfd-d534-5d35-8c3c-18508223e4ee"",""interactions"":{""crossFilter"":true,""drillDown"":true,""drillThrough"":""details"",""exportable"":true,""tooltip"":true},""layout"":{""h"":4,""w"":12,""x"":0,""y"":0},""locked"":true,""query"":{""dimensions"":[""region""],""filters"":[],""limit"":100,""metrics"":[""revenue"",""profit""],""order_by"":[{""direction"":""desc"",""field"":""revenue""}]},""result_metadata"":{""calculated_values"":[""revenue"",""profit""],""row_count"":2},""semantic_binding"":{""semantic_model_id"":""f2a7398e-51f4-530a-8d46-b596fa28c7bb""},""title"":""date-filter / الإيرادات 2026"",""type"":""date-filter""}]},{""canvas"":{""columns"":12,""direction"":""rtl"",""theme"":""enterprise""},""key"":""page_20"",""name"":""Page 20 / الصفحة 20"",""position"":19,""title"":""map parity"",""widgets"":[{""config"":{""aria_label"":""Accessible map / map متاح"",""axis"":{""x"":{""title"":""المنطقة / Region""},""y"":{""title"":""الإيرادات / Revenue""}},""background"":""#FFF7ED"",""border"":true,""color_scheme"":""sunset"",""conditional"":[{""color"":""#DC2626"",""value"":40,""when"":""gt""}],""currency"":""SAR"",""date_format"":""yyyy-MM-dd"",""decimals"":2,""image"":{""alt"":""شعار المؤسسة / Enterprise logo"",""fit"":""contain""},""legend_position"":""bottom"",""number_style"":""currency"",""padding"":12,""percentage"":false,""pivot"":{""rows"":[""region""],""values"":[""revenue""]},""show_gridlines"":true,""show_labels"":true,""show_legend"":true,""table"":{""sticky_header"":true,""wrap"":true}},""content"":""ملاحظة Enterprise طويلة 2026 — القيمة ٤٢"",""dataset_binding"":{""dataset_id"":""8d368c5f-9071-5abc-af65-1c0cb33336d4""},""description"":""Enterprise ثم العربية 123"",""filters"":[{""field"":""region"",""operator"":""equals"",""value"":""الرياض""}],""hidden"":false,""id"":""e9428dc4-be0d-5acd-9b63-68c1d2885ff7"",""interactions"":{""crossFilter"":true,""drillDown"":true,""drillThrough"":""details"",""exportable"":true,""tooltip"":true},""layout"":{""h"":4,""w"":12,""x"":0,""y"":0},""locked"":false,""query"":{""dimensions"":[""region""],""filters"":[],""limit"":100,""metrics"":[""revenue"",""profit""],""order_by"":[{""direction"":""desc"",""field"":""revenue""}]},""result_metadata"":{""calculated_values"":[""revenue"",""profit""],""row_count"":2},""semantic_binding"":{""semantic_model_id"":""f2a7398e-51f4-530a-8d46-b596fa28c7bb""},""title"":""map / الإيرادات 2026"",""type"":""map""}]}],""schema_version"":1}"
Dashboard,Enterprise Revenue / إيرادات المؤسسة
Dashboard ID,624703f5-da1e-5668-bb41-902b1eedc517
Dashboard Version ID,738d7956-a831-5c73-bb8f-19961b248130
Version,7
Generated,2026-08-05T00:00:00+00:00,Timezone,Asia/Riyadh,Locale,ar-SA
Filters,Period: FY2026  •  Region: الرياض

Widget 1,kpi / الإيرادات 2026
Page Definition,"{""canvas"":{""columns"":12,""direction"":""rtl"",""theme"":""enterprise""},""key"":""page_01"",""name"":""Page 1 / الصفحة 1"",""position"":0,""title"":""kpi parity""}"
Widget Definition,"{""config"":{""aria_label"":""Accessible kpi / kpi متاح"",""axis"":{""x"":{""title"":""المنطقة / Region""},""y"":{""title"":""الإيرادات / Revenue""}},""background"":""#FFF7ED"",""border"":true,""color_scheme"":""sunset"",""conditional"":[{""color"":""#DC2626"",""value"":40,""when"":""gt""}],""currency"":""SAR"",""date_format"":""yyyy-MM-dd"",""decimals"":2,""image"":{""alt"":""شعار المؤسسة / Enterprise logo"",""fit"":""contain""},""legend_position"":""bottom"",""number_style"":""currency"",""padding"":12,""percentage"":false,""pivot"":{""rows"":[""region""],""values"":[""revenue""]},""show_gridlines"":true,""show_labels"":true,""show_legend"":true,""table"":{""sticky_header"":true,""wrap"":true}},""content"":null,""dataset_binding"":{""dataset_id"":""8d368c5f-9071-5abc-af65-1c0cb33336d4""},""description"":""Enterprise ثم العربية 123"",""filters"":[{""field"":""region"",""operator"":""equals"",""value"":""الرياض""}],""hidden"":false,""id"":""275cc3f1-004b-53c9-9d48-d13a9219d42f"",""interactions"":{""crossFilter"":true,""drillDown"":true,""drillThrough"":""details"",""exportable"":true,""tooltip"":true},""layout"":{""h"":4,""w"":12,""x"":0,""y"":0},""locked"":true,""query"":{""dimensions"":[""region""],""filters"":[],""limit"":100,""metrics"":[""revenue"",""profit""],""order_by"":[{""direction"":""desc"",""field"":""revenue""}]},""result_metadata"":{""calculated_values"":[""revenue"",""profit""],""row_count"":2},""semantic_binding"":{""semantic_model_id"":""f2a7398e-51f4-530a-8d46-b596fa28c7bb""},""title"":""kpi / الإيرادات 2026"",""type"":""kpi""}"
Widget Result,"{""columns"":[{""key"":""region"",""label"":""Region / المنطقة"",""role"":""dimension""},{""key"":""revenue"",""label"":""Revenue / الإيرادات"",""role"":""measure""},{""key"":""profit"",""label"":""Profit / الربح"",""role"":""measure""}],""render_hint"":{""direction"":""rtl"",""locale"":""ar-SA""},""row_count"":2,""rows"":[{""profit"":18,""region"":""Enterprise Riyadh / الرياض"",""revenue"":42},{""profit"":27,""region"":""Jeddah / جدة"",""revenue"":64}],""truncated"":false}"
Widget ID,275cc3f1-004b-53c9-9d48-d13a9219d42f,Type,kpi
Grid Layout,x=0,y=0,w=12,h=4
Data
Region / المنطقة,Revenue / الإيرادات,Profit / الربح
Enterprise Riyadh / الرياض,42,18
Jeddah / جدة,64,27


Widget 2,metric-comparison / الإيرادات 2026
Page Definition,"{""canvas"":{""columns"":12,""direction"":""rtl"",""theme"":""enterprise""},""key"":""page_02"",""name"":""Page 2 / الصفحة 2"",""position"":1,""title"":""metric-comparison parity""}"
Widget Definition,"{""config"":{""aria_label"":""Accessible metric-comparison / metric-comparison متاح"",""axis"":{""x"":{""title"":""المنطقة / Region""},""y"":{""title"":""الإيرادات / Revenue""}},""background"":""#FFF7ED"",""border"":true,""color_scheme"":""sunset"",""conditional"":[{""color"":""#DC2626"",""value"":40,""when"":""gt""}],""currency"":""SAR"",""date_format"":""yyyy-MM-dd"",""decimals"":2,""image"":{""alt"":""شعار المؤسسة / Enterprise logo"",""fit"":""contain""},""legend_position"":""bottom"",""number_style"":""currency"",""padding"":12,""percentage"":false,""pivot"":{""rows"":[""region""],""values"":[""revenue""]},""show_gridlines"":true,""show_labels"":true,""show_legend"":true,""table"":{""sticky_header"":true,""wrap"":true}},""content"":null,""dataset_binding"":{""dataset_id"":""8d368c5f-9071-5abc-af65-1c0cb33336d4""},""description"":""Enterprise ثم العربية 123"",""filters"":[{""field"":""region"",""operator"":""equals"",""value"":""الرياض""}],""hidden"":false,""id"":""43c0fd84-f893-5589-a9f1-5b395a023492"",""interactions"":{""crossFilter"":true,""drillDown"":true,""drillThrough"":""details"",""exportable"":true,""tooltip"":true},""layout"":{""h"":4,""w"":12,""x"":0,""y"":0},""locked"":false,""query"":{""dimensions"":[""region""],""filters"":[],""limit"":100,""metrics"":[""revenue"",""profit""],""order_by"":[{""direction"":""desc"",""field"":""revenue""}]},""result_metadata"":{""calculated_values"":[""revenue"",""profit""],""row_count"":2},""semantic_binding"":{""semantic_model_id"":""f2a7398e-51f4-530a-8d46-b596fa28c7bb""},""title"":""metric-comparison / الإيرادات 2026"",""type"":""metric-comparison""}"
Widget Result,"{""columns"":[{""key"":""region"",""label"":""Region / المنطقة"",""role"":""dimension""},{""key"":""revenue"",""label"":""Revenue / الإيرادات"",""role"":""measure""},{""key"":""profit"",""label"":""Profit / الربح"",""role"":""measure""}],""render_hint"":{""direction"":""rtl"",""locale"":""ar-SA""},""row_count"":2,""rows"":[{""profit"":18,""region"":""Enterprise Riyadh / الرياض"",""revenue"":42},{""profit"":27,""region"":""Jeddah / جدة"",""revenue"":64}],""truncated"":false}"
Widget ID,43c0fd84-f893-5589-a9f1-5b395a023492,Type,metric-comparison
Grid Layout,x=0,y=0,w=12,h=4
Data
Region / المنطقة,Revenue / الإيرادات,Profit / الربح
Enterprise Riyadh / الرياض,42,18
Jeddah / جدة,64,27


Widget 3,table / الإيرادات 2026
Page Definition,"{""canvas"":{""columns"":12,""direction"":""rtl"",""theme"":""enterprise""},""key"":""page_03"",""name"":""Page 3 / الصفحة 3"",""position"":2,""title"":""table parity""}"
Widget Definition,"{""config"":{""aria_label"":""Accessible table / table متاح"",""axis"":{""x"":{""title"":""المنطقة / Region""},""y"":{""title"":""الإيرادات / Revenue""}},""background"":""#FFF7ED"",""border"":true,""color_scheme"":""sunset"",""conditional"":[{""color"":""#DC2626"",""value"":40,""when"":""gt""}],""currency"":""SAR"",""date_format"":""yyyy-MM-dd"",""decimals"":2,""image"":{""alt"":""شعار المؤسسة / Enterprise logo"",""fit"":""contain""},""legend_position"":""bottom"",""number_style"":""currency"",""padding"":12,""percentage"":false,""pivot"":{""rows"":[""region""],""values"":[""revenue""]},""show_gridlines"":true,""show_labels"":true,""show_legend"":true,""table"":{""sticky_header"":true,""wrap"":true}},""content"":null,""dataset_binding"":{""dataset_id"":""8d368c5f-9071-5abc-af65-1c0cb33336d4""},""description"":""Enterprise ثم العربية 123"",""filters"":[{""field"":""region"",""operator"":""equals"",""value"":""الرياض""}],""hidden"":false,""id"":""6b46c49e-af5b-5676-8b09-b1214b68833d"",""interactions"":{""crossFilter"":true,""drillDown"":true,""drillThrough"":""details"",""exportable"":true,""tooltip"":true},""layout"":{""h"":4,""w"":12,""x"":0,""y"":0},""locked"":true,""query"":{""dimensions"":[""region""],""filters"":[],""limit"":100,""metrics"":[""revenue"",""profit""],""order_by"":[{""direction"":""desc"",""field"":""revenue""}]},""result_metadata"":{""calculated_values"":[""revenue"",""profit""],""row_count"":2},""semantic_binding"":{""semantic_model_id"":""f2a7398e-51f4-530a-8d46-b596fa28c7bb""},""title"":""table / الإيرادات 2026"",""type"":""table""}"
Widget Result,"{""columns"":[{""key"":""region"",""label"":""Region / المنطقة"",""role"":""dimension""},{""key"":""revenue"",""label"":""Revenue / الإيرادات"",""role"":""measure""},{""key"":""profit"",""label"":""Profit / الربح"",""role"":""measure""}],""render_hint"":{""direction"":""rtl"",""locale"":""ar-SA""},""row_count"":2,""rows"":[{""profit"":18,""region"":""Enterprise Riyadh / الرياض"",""revenue"":42},{""profit"":27,""region"":""Jeddah / جدة"",""revenue"":64}],""truncated"":false}"
Widget ID,6b46c49e-af5b-5676-8b09-b1214b68833d,Type,table
Grid Layout,x=0,y=0,w=12,h=4
Data
Region / المنطقة,Revenue / الإيرادات,Profit / الربح
Enterprise Riyadh / الرياض,42,18
Jeddah / جدة,64,27


Widget 4,pivot / الإيرادات 2026
Page Definition,"{""canvas"":{""columns"":12,""direction"":""rtl"",""theme"":""enterprise""},""key"":""page_04"",""name"":""Page 4 / الصفحة 4"",""position"":3,""title"":""pivot parity""}"
Widget Definition,"{""config"":{""aria_label"":""Accessible pivot / pivot متاح"",""axis"":{""x"":{""title"":""المنطقة / Region""},""y"":{""title"":""الإيرادات / Revenue""}},""background"":""#FFF7ED"",""border"":true,""color_scheme"":""sunset"",""conditional"":[{""color"":""#DC2626"",""value"":40,""when"":""gt""}],""currency"":""SAR"",""date_format"":""yyyy-MM-dd"",""decimals"":2,""image"":{""alt"":""شعار المؤسسة / Enterprise logo"",""fit"":""contain""},""legend_position"":""bottom"",""number_style"":""currency"",""padding"":12,""percentage"":false,""pivot"":{""rows"":[""region""],""values"":[""revenue""]},""show_gridlines"":true,""show_labels"":true,""show_legend"":true,""table"":{""sticky_header"":true,""wrap"":true}},""content"":null,""dataset_binding"":{""dataset_id"":""8d368c5f-9071-5abc-af65-1c0cb33336d4""},""description"":""Enterprise ثم العربية 123"",""filters"":[{""field"":""region"",""operator"":""equals"",""value"":""الرياض""}],""hidden"":false,""id"":""6c236585-0ba3-504a-88e1-f0bb92293c92"",""interactions"":{""crossFilter"":true,""drillDown"":true,""drillThrough"":""details"",""exportable"":true,""tooltip"":true},""layout"":{""h"":4,""w"":12,""x"":0,""y"":0},""locked"":false,""query"":{""dimensions"":[""region""],""filters"":[],""limit"":100,""metrics"":[""revenue"",""profit""],""order_by"":[{""direction"":""desc"",""field"":""revenue""}]},""result_metadata"":{""calculated_values"":[""revenue"",""profit""],""row_count"":2},""semantic_binding"":{""semantic_model_id"":""f2a7398e-51f4-530a-8d46-b596fa28c7bb""},""title"":""pivot / الإيرادات 2026"",""type"":""pivot""}"
Widget Result,"{""columns"":[{""key"":""region"",""label"":""Region / المنطقة"",""role"":""dimension""},{""key"":""revenue"",""label"":""Revenue / الإيرادات"",""role"":""measure""},{""key"":""profit"",""label"":""Profit / الربح"",""role"":""measure""}],""render_hint"":{""direction"":""rtl"",""locale"":""ar-SA""},""row_count"":2,""rows"":[{""profit"":18,""region"":""Enterprise Riyadh / الرياض"",""revenue"":42},{""profit"":27,""region"":""Jeddah / جدة"",""revenue"":64}],""truncated"":false}"
Widget ID,6c236585-0ba3-504a-88e1-f0bb92293c92,Type,pivot
Grid Layout,x=0,y=0,w=12,h=4
Data
Region / المنطقة,Revenue / الإيرادات,Profit / الربح
Enterprise Riyadh / الرياض,42,18
Jeddah / جدة,64,27


Widget 5,bar / الإيرادات 2026
Page Definition,"{""canvas"":{""columns"":12,""direction"":""rtl"",""theme"":""enterprise""},""key"":""page_05"",""name"":""Page 5 / الصفحة 5"",""position"":4,""title"":""bar parity""}"
Widget Definition,"{""config"":{""aria_label"":""Accessible bar / bar متاح"",""axis"":{""x"":{""title"":""المنطقة / Region""},""y"":{""title"":""الإيرادات / Revenue""}},""background"":""#FFF7ED"",""border"":true,""color_scheme"":""sunset"",""conditional"":[{""color"":""#DC2626"",""value"":40,""when"":""gt""}],""currency"":""SAR"",""date_format"":""yyyy-MM-dd"",""decimals"":2,""image"":{""alt"":""شعار المؤسسة / Enterprise logo"",""fit"":""contain""},""legend_position"":""bottom"",""number_style"":""currency"",""padding"":12,""percentage"":false,""pivot"":{""rows"":[""region""],""values"":[""revenue""]},""show_gridlines"":true,""show_labels"":true,""show_legend"":true,""table"":{""sticky_header"":true,""wrap"":true}},""content"":null,""dataset_binding"":{""dataset_id"":""8d368c5f-9071-5abc-af65-1c0cb33336d4""},""description"":""Enterprise ثم العربية 123"",""filters"":[{""field"":""region"",""operator"":""equals"",""value"":""الرياض""}],""hidden"":false,""id"":""2e1bf24e-377d-5da9-b5a2-afa38b91be4d"",""interactions"":{""crossFilter"":true,""drillDown"":true,""drillThrough"":""details"",""exportable"":true,""tooltip"":true},""layout"":{""h"":4,""w"":12,""x"":0,""y"":0},""locked"":true,""query"":{""dimensions"":[""region""],""filters"":[],""limit"":100,""metrics"":[""revenue"",""profit""],""order_by"":[{""direction"":""desc"",""field"":""revenue""}]},""result_metadata"":{""calculated_values"":[""revenue"",""profit""],""row_count"":2},""semantic_binding"":{""semantic_model_id"":""f2a7398e-51f4-530a-8d46-b596fa28c7bb""},""title"":""bar / الإيرادات 2026"",""type"":""bar""}"
Widget Result,"{""columns"":[{""key"":""region"",""label"":""Region / المنطقة"",""role"":""dimension""},{""key"":""revenue"",""label"":""Revenue / الإيرادات"",""role"":""measure""},{""key"":""profit"",""label"":""Profit / الربح"",""role"":""measure""}],""render_hint"":{""direction"":""rtl"",""locale"":""ar-SA""},""row_count"":2,""rows"":[{""profit"":18,""region"":""Enterprise Riyadh / الرياض"",""revenue"":42},{""profit"":27,""region"":""Jeddah / جدة"",""revenue"":64}],""truncated"":false}"
Widget ID,2e1bf24e-377d-5da9-b5a2-afa38b91be4d,Type,bar
Grid Layout,x=0,y=0,w=12,h=4
Data
Region / المنطقة,Revenue / الإيرادات,Profit / الربح
Enterprise Riyadh / الرياض,42,18
Jeddah / جدة,64,27


Widget 6,stacked-bar / الإيرادات 2026
Page Definition,"{""canvas"":{""columns"":12,""direction"":""rtl"",""theme"":""enterprise""},""key"":""page_06"",""name"":""Page 6 / الصفحة 6"",""position"":5,""title"":""stacked-bar parity""}"
Widget Definition,"{""config"":{""aria_label"":""Accessible stacked-bar / stacked-bar متاح"",""axis"":{""x"":{""title"":""المنطقة / Region""},""y"":{""title"":""الإيرادات / Revenue""}},""background"":""#FFF7ED"",""border"":true,""color_scheme"":""sunset"",""conditional"":[{""color"":""#DC2626"",""value"":40,""when"":""gt""}],""currency"":""SAR"",""date_format"":""yyyy-MM-dd"",""decimals"":2,""image"":{""alt"":""شعار المؤسسة / Enterprise logo"",""fit"":""contain""},""legend_position"":""bottom"",""number_style"":""currency"",""padding"":12,""percentage"":false,""pivot"":{""rows"":[""region""],""values"":[""revenue""]},""show_gridlines"":true,""show_labels"":true,""show_legend"":true,""table"":{""sticky_header"":true,""wrap"":true}},""content"":null,""dataset_binding"":{""dataset_id"":""8d368c5f-9071-5abc-af65-1c0cb33336d4""},""description"":""Enterprise ثم العربية 123"",""filters"":[{""field"":""region"",""operator"":""equals"",""value"":""الرياض""}],""hidden"":false,""id"":""ac72eef0-0a88-5bf4-aabb-b4b5f7956bd1"",""interactions"":{""crossFilter"":true,""drillDown"":true,""drillThrough"":""details"",""exportable"":true,""tooltip"":true},""layout"":{""h"":4,""w"":12,""x"":0,""y"":0},""locked"":false,""query"":{""dimensions"":[""region""],""filters"":[],""limit"":100,""metrics"":[""revenue"",""profit""],""order_by"":[{""direction"":""desc"",""field"":""revenue""}]},""result_metadata"":{""calculated_values"":[""revenue"",""profit""],""row_count"":2},""semantic_binding"":{""semantic_model_id"":""f2a7398e-51f4-530a-8d46-b596fa28c7bb""},""title"":""stacked-bar / الإيرادات 2026"",""type"":""stacked-bar""}"
Widget Result,"{""columns"":[{""key"":""region"",""label"":""Region / المنطقة"",""role"":""dimension""},{""key"":""revenue"",""label"":""Revenue / الإيرادات"",""role"":""measure""},{""key"":""profit"",""label"":""Profit / الربح"",""role"":""measure""}],""render_hint"":{""direction"":""rtl"",""locale"":""ar-SA""},""row_count"":2,""rows"":[{""profit"":18,""region"":""Enterprise Riyadh / الرياض"",""revenue"":42},{""profit"":27,""region"":""Jeddah / جدة"",""revenue"":64}],""truncated"":false}"
Widget ID,ac72eef0-0a88-5bf4-aabb-b4b5f7956bd1,Type,stacked-bar
Grid Layout,x=0,y=0,w=12,h=4
Data
Region / المنطقة,Revenue / الإيرادات,Profit / الربح
Enterprise Riyadh / الرياض,42,18
Jeddah / جدة,64,27


Widget 7,column / الإيرادات 2026
Page Definition,"{""canvas"":{""columns"":12,""direction"":""rtl"",""theme"":""enterprise""},""key"":""page_07"",""name"":""Page 7 / الصفحة 7"",""position"":6,""title"":""column parity""}"
Widget Definition,"{""config"":{""aria_label"":""Accessible column / column متاح"",""axis"":{""x"":{""title"":""المنطقة / Region""},""y"":{""title"":""الإيرادات / Revenue""}},""background"":""#FFF7ED"",""border"":true,""color_scheme"":""sunset"",""conditional"":[{""color"":""#DC2626"",""value"":40,""when"":""gt""}],""currency"":""SAR"",""date_format"":""yyyy-MM-dd"",""decimals"":2,""image"":{""alt"":""شعار المؤسسة / Enterprise logo"",""fit"":""contain""},""legend_position"":""bottom"",""number_style"":""currency"",""padding"":12,""percentage"":false,""pivot"":{""rows"":[""region""],""values"":[""revenue""]},""show_gridlines"":true,""show_labels"":true,""show_legend"":true,""table"":{""sticky_header"":true,""wrap"":true}},""content"":null,""dataset_binding"":{""dataset_id"":""8d368c5f-9071-5abc-af65-1c0cb33336d4""},""description"":""Enterprise ثم العربية 123"",""filters"":[{""field"":""region"",""operator"":""equals"",""value"":""الرياض""}],""hidden"":false,""id"":""79d83897-1c77-5955-86b7-03b274af73d8"",""interactions"":{""crossFilter"":true,""drillDown"":true,""drillThrough"":""details"",""exportable"":true,""tooltip"":true},""layout"":{""h"":4,""w"":12,""x"":0,""y"":0},""locked"":true,""query"":{""dimensions"":[""region""],""filters"":[],""limit"":100,""metrics"":[""revenue"",""profit""],""order_by"":[{""direction"":""desc"",""field"":""revenue""}]},""result_metadata"":{""calculated_values"":[""revenue"",""profit""],""row_count"":2},""semantic_binding"":{""semantic_model_id"":""f2a7398e-51f4-530a-8d46-b596fa28c7bb""},""title"":""column / الإيرادات 2026"",""type"":""column""}"
Widget Result,"{""columns"":[{""key"":""region"",""label"":""Region / المنطقة"",""role"":""dimension""},{""key"":""revenue"",""label"":""Revenue / الإيرادات"",""role"":""measure""},{""key"":""profit"",""label"":""Profit / الربح"",""role"":""measure""}],""render_hint"":{""direction"":""rtl"",""locale"":""ar-SA""},""row_count"":2,""rows"":[{""profit"":18,""region"":""Enterprise Riyadh / الرياض"",""revenue"":42},{""profit"":27,""region"":""Jeddah / جدة"",""revenue"":64}],""truncated"":false}"
Widget ID,79d83897-1c77-5955-86b7-03b274af73d8,Type,column
Grid Layout,x=0,y=0,w=12,h=4
Data
Region / المنطقة,Revenue / الإيرادات,Profit / الربح
Enterprise Riyadh / الرياض,42,18
Jeddah / جدة,64,27


Widget 8,line / الإيرادات 2026
Page Definition,"{""canvas"":{""columns"":12,""direction"":""rtl"",""theme"":""enterprise""},""key"":""page_08"",""name"":""Page 8 / الصفحة 8"",""position"":7,""title"":""line parity""}"
Widget Definition,"{""config"":{""aria_label"":""Accessible line / line متاح"",""axis"":{""x"":{""title"":""المنطقة / Region""},""y"":{""title"":""الإيرادات / Revenue""}},""background"":""#FFF7ED"",""border"":true,""color_scheme"":""sunset"",""conditional"":[{""color"":""#DC2626"",""value"":40,""when"":""gt""}],""currency"":""SAR"",""date_format"":""yyyy-MM-dd"",""decimals"":2,""image"":{""alt"":""شعار المؤسسة / Enterprise logo"",""fit"":""contain""},""legend_position"":""bottom"",""number_style"":""currency"",""padding"":12,""percentage"":false,""pivot"":{""rows"":[""region""],""values"":[""revenue""]},""show_gridlines"":true,""show_labels"":true,""show_legend"":true,""table"":{""sticky_header"":true,""wrap"":true}},""content"":null,""dataset_binding"":{""dataset_id"":""8d368c5f-9071-5abc-af65-1c0cb33336d4""},""description"":""Enterprise ثم العربية 123"",""filters"":[{""field"":""region"",""operator"":""equals"",""value"":""الرياض""}],""hidden"":false,""id"":""b10bfb76-cb9f-590f-a223-0157591df869"",""interactions"":{""crossFilter"":true,""drillDown"":true,""drillThrough"":""details"",""exportable"":true,""tooltip"":true},""layout"":{""h"":4,""w"":12,""x"":0,""y"":0},""locked"":false,""query"":{""dimensions"":[""region""],""filters"":[],""limit"":100,""metrics"":[""revenue"",""profit""],""order_by"":[{""direction"":""desc"",""field"":""revenue""}]},""result_metadata"":{""calculated_values"":[""revenue"",""profit""],""row_count"":2},""semantic_binding"":{""semantic_model_id"":""f2a7398e-51f4-530a-8d46-b596fa28c7bb""},""title"":""line / الإيرادات 2026"",""type"":""line""}"
Widget Result,"{""columns"":[{""key"":""region"",""label"":""Region / المنطقة"",""role"":""dimension""},{""key"":""revenue"",""label"":""Revenue / الإيرادات"",""role"":""measure""},{""key"":""profit"",""label"":""Profit / الربح"",""role"":""measure""}],""render_hint"":{""direction"":""rtl"",""locale"":""ar-SA""},""row_count"":2,""rows"":[{""profit"":18,""region"":""Enterprise Riyadh / الرياض"",""revenue"":42},{""profit"":27,""region"":""Jeddah / جدة"",""revenue"":64}],""truncated"":false}"
Widget ID,b10bfb76-cb9f-590f-a223-0157591df869,Type,line
Grid Layout,x=0,y=0,w=12,h=4
Data
Region / المنطقة,Revenue / الإيرادات,Profit / الربح
Enterprise Riyadh / الرياض,42,18
Jeddah / جدة,64,27


Widget 9,area / الإيرادات 2026
Page Definition,"{""canvas"":{""columns"":12,""direction"":""rtl"",""theme"":""enterprise""},""key"":""page_09"",""name"":""Page 9 / الصفحة 9"",""position"":8,""title"":""area parity""}"
Widget Definition,"{""config"":{""aria_label"":""Accessible area / area متاح"",""axis"":{""x"":{""title"":""المنطقة / Region""},""y"":{""title"":""الإيرادات / Revenue""}},""background"":""#FFF7ED"",""border"":true,""color_scheme"":""sunset"",""conditional"":[{""color"":""#DC2626"",""value"":40,""when"":""gt""}],""currency"":""SAR"",""date_format"":""yyyy-MM-dd"",""decimals"":2,""image"":{""alt"":""شعار المؤسسة / Enterprise logo"",""fit"":""contain""},""legend_position"":""bottom"",""number_style"":""currency"",""padding"":12,""percentage"":false,""pivot"":{""rows"":[""region""],""values"":[""revenue""]},""show_gridlines"":true,""show_labels"":true,""show_legend"":true,""table"":{""sticky_header"":true,""wrap"":true}},""content"":null,""dataset_binding"":{""dataset_id"":""8d368c5f-9071-5abc-af65-1c0cb33336d4""},""description"":""Enterprise ثم العربية 123"",""filters"":[{""field"":""region"",""operator"":""equals"",""value"":""الرياض""}],""hidden"":false,""id"":""59ba2bfe-1da2-52c4-b132-ceba8304af54"",""interactions"":{""crossFilter"":true,""drillDown"":true,""drillThrough"":""details"",""exportable"":true,""tooltip"":true},""layout"":{""h"":4,""w"":12,""x"":0,""y"":0},""locked"":true,""query"":{""dimensions"":[""region""],""filters"":[],""limit"":100,""metrics"":[""revenue"",""profit""],""order_by"":[{""direction"":""desc"",""field"":""revenue""}]},""result_metadata"":{""calculated_values"":[""revenue"",""profit""],""row_count"":2},""semantic_binding"":{""semantic_model_id"":""f2a7398e-51f4-530a-8d46-b596fa28c7bb""},""title"":""area / الإيرادات 2026"",""type"":""area""}"
Widget Result,"{""columns"":[{""key"":""region"",""label"":""Region / المنطقة"",""role"":""dimension""},{""key"":""revenue"",""label"":""Revenue / الإيرادات"",""role"":""measure""},{""key"":""profit"",""label"":""Profit / الربح"",""role"":""measure""}],""render_hint"":{""direction"":""rtl"",""locale"":""ar-SA""},""row_count"":2,""rows"":[{""profit"":18,""region"":""Enterprise Riyadh / الرياض"",""revenue"":42},{""profit"":27,""region"":""Jeddah / جدة"",""revenue"":64}],""truncated"":false}"
Widget ID,59ba2bfe-1da2-52c4-b132-ceba8304af54,Type,area
Grid Layout,x=0,y=0,w=12,h=4
Data
Region / المنطقة,Revenue / الإيرادات,Profit / الربح
Enterprise Riyadh / الرياض,42,18
Jeddah / جدة,64,27


Widget 10,pie / الإيرادات 2026
Page Definition,"{""canvas"":{""columns"":12,""direction"":""rtl"",""theme"":""enterprise""},""key"":""page_10"",""name"":""Page 10 / الصفحة 10"",""position"":9,""title"":""pie parity""}"
Widget Definition,"{""config"":{""aria_label"":""Accessible pie / pie متاح"",""axis"":{""x"":{""title"":""المنطقة / Region""},""y"":{""title"":""الإيرادات / Revenue""}},""background"":""#FFF7ED"",""border"":true,""color_scheme"":""sunset"",""conditional"":[{""color"":""#DC2626"",""value"":40,""when"":""gt""}],""currency"":""SAR"",""date_format"":""yyyy-MM-dd"",""decimals"":2,""image"":{""alt"":""شعار المؤسسة / Enterprise logo"",""fit"":""contain""},""legend_position"":""bottom"",""number_style"":""currency"",""padding"":12,""percentage"":false,""pivot"":{""rows"":[""region""],""values"":[""revenue""]},""show_gridlines"":true,""show_labels"":true,""show_legend"":true,""table"":{""sticky_header"":true,""wrap"":true}},""content"":null,""dataset_binding"":{""dataset_id"":""8d368c5f-9071-5abc-af65-1c0cb33336d4""},""description"":""Enterprise ثم العربية 123"",""filters"":[{""field"":""region"",""operator"":""equals"",""value"":""الرياض""}],""hidden"":false,""id"":""dcfe4dec-98d7-579d-9e8a-88dbda396464"",""interactions"":{""crossFilter"":true,""drillDown"":true,""drillThrough"":""details"",""exportable"":true,""tooltip"":true},""layout"":{""h"":4,""w"":12,""x"":0,""y"":0},""locked"":false,""query"":{""dimensions"":[""region""],""filters"":[],""limit"":100,""metrics"":[""revenue"",""profit""],""order_by"":[{""direction"":""desc"",""field"":""revenue""}]},""result_metadata"":{""calculated_values"":[""revenue"",""profit""],""row_count"":2},""semantic_binding"":{""semantic_model_id"":""f2a7398e-51f4-530a-8d46-b596fa28c7bb""},""title"":""pie / الإيرادات 2026"",""type"":""pie""}"
Widget Result,"{""columns"":[{""key"":""region"",""label"":""Region / المنطقة"",""role"":""dimension""},{""key"":""revenue"",""label"":""Revenue / الإيرادات"",""role"":""measure""},{""key"":""profit"",""label"":""Profit / الربح"",""role"":""measure""}],""render_hint"":{""direction"":""rtl"",""locale"":""ar-SA""},""row_count"":2,""rows"":[{""profit"":18,""region"":""Enterprise Riyadh / الرياض"",""revenue"":42},{""profit"":27,""region"":""Jeddah / جدة"",""revenue"":64}],""truncated"":false}"
Widget ID,dcfe4dec-98d7-579d-9e8a-88dbda396464,Type,pie
Grid Layout,x=0,y=0,w=12,h=4
Data
Region / المنطقة,Revenue / الإيرادات,Profit / الربح
Enterprise Riyadh / الرياض,42,18
Jeddah / جدة,64,27


Widget 11,donut / الإيرادات 2026
Page Definition,"{""canvas"":{""columns"":12,""direction"":""rtl"",""theme"":""enterprise""},""key"":""page_11"",""name"":""Page 11 / الصفحة 11"",""position"":10,""title"":""donut parity""}"
Widget Definition,"{""config"":{""aria_label"":""Accessible donut / donut متاح"",""axis"":{""x"":{""title"":""المنطقة / Region""},""y"":{""title"":""الإيرادات / Revenue""}},""background"":""#FFF7ED"",""border"":true,""color_scheme"":""sunset"",""conditional"":[{""color"":""#DC2626"",""value"":40,""when"":""gt""}],""currency"":""SAR"",""date_format"":""yyyy-MM-dd"",""decimals"":2,""image"":{""alt"":""شعار المؤسسة / Enterprise logo"",""fit"":""contain""},""legend_position"":""bottom"",""number_style"":""currency"",""padding"":12,""percentage"":false,""pivot"":{""rows"":[""region""],""values"":[""revenue""]},""show_gridlines"":true,""show_labels"":true,""show_legend"":true,""table"":{""sticky_header"":true,""wrap"":true}},""content"":null,""dataset_binding"":{""dataset_id"":""8d368c5f-9071-5abc-af65-1c0cb33336d4""},""description"":""Enterprise ثم العربية 123"",""filters"":[{""field"":""region"",""operator"":""equals"",""value"":""الرياض""}],""hidden"":false,""id"":""65f2137a-d2fb-57ac-8af2-bb78c1ef4d25"",""interactions"":{""crossFilter"":true,""drillDown"":true,""drillThrough"":""details"",""exportable"":true,""tooltip"":true},""layout"":{""h"":4,""w"":12,""x"":0,""y"":0},""locked"":true,""query"":{""dimensions"":[""region""],""filters"":[],""limit"":100,""metrics"":[""revenue"",""profit""],""order_by"":[{""direction"":""desc"",""field"":""revenue""}]},""result_metadata"":{""calculated_values"":[""revenue"",""profit""],""row_count"":2},""semantic_binding"":{""semantic_model_id"":""f2a7398e-51f4-530a-8d46-b596fa28c7bb""},""title"":""donut / الإيرادات 2026"",""type"":""donut""}"
Widget Result,"{""columns"":[{""key"":""region"",""label"":""Region / المنطقة"",""role"":""dimension""},{""key"":""revenue"",""label"":""Revenue / الإيرادات"",""role"":""measure""},{""key"":""profit"",""label"":""Profit / الربح"",""role"":""measure""}],""render_hint"":{""direction"":""rtl"",""locale"":""ar-SA""},""row_count"":2,""rows"":[{""profit"":18,""region"":""Enterprise Riyadh / الرياض"",""revenue"":42},{""profit"":27,""region"":""Jeddah / جدة"",""revenue"":64}],""truncated"":false}"
Widget ID,65f2137a-d2fb-57ac-8af2-bb78c1ef4d25,Type,donut
Grid Layout,x=0,y=0,w=12,h=4
Data
Region / المنطقة,Revenue / الإيرادات,Profit / الربح
Enterprise Riyadh / الرياض,42,18
Jeddah / جدة,64,27


Widget 12,scatter / الإيرادات 2026
Page Definition,"{""canvas"":{""columns"":12,""direction"":""rtl"",""theme"":""enterprise""},""key"":""page_12"",""name"":""Page 12 / الصفحة 12"",""position"":11,""title"":""scatter parity""}"
Widget Definition,"{""config"":{""aria_label"":""Accessible scatter / scatter متاح"",""axis"":{""x"":{""title"":""المنطقة / Region""},""y"":{""title"":""الإيرادات / Revenue""}},""background"":""#FFF7ED"",""border"":true,""color_scheme"":""sunset"",""conditional"":[{""color"":""#DC2626"",""value"":40,""when"":""gt""}],""currency"":""SAR"",""date_format"":""yyyy-MM-dd"",""decimals"":2,""image"":{""alt"":""شعار المؤسسة / Enterprise logo"",""fit"":""contain""},""legend_position"":""bottom"",""number_style"":""currency"",""padding"":12,""percentage"":false,""pivot"":{""rows"":[""region""],""values"":[""revenue""]},""show_gridlines"":true,""show_labels"":true,""show_legend"":true,""table"":{""sticky_header"":true,""wrap"":true}},""content"":null,""dataset_binding"":{""dataset_id"":""8d368c5f-9071-5abc-af65-1c0cb33336d4""},""description"":""Enterprise ثم العربية 123"",""filters"":[{""field"":""region"",""operator"":""equals"",""value"":""الرياض""}],""hidden"":false,""id"":""747483a4-13a2-5deb-ba05-4497c374f010"",""interactions"":{""crossFilter"":true,""drillDown"":true,""drillThrough"":""details"",""exportable"":true,""tooltip"":true},""layout"":{""h"":4,""w"":12,""x"":0,""y"":0},""locked"":false,""query"":{""dimensions"":[""region""],""filters"":[],""limit"":100,""metrics"":[""revenue"",""profit""],""order_by"":[{""direction"":""desc"",""field"":""revenue""}]},""result_metadata"":{""calculated_values"":[""revenue"",""profit""],""row_count"":2},""semantic_binding"":{""semantic_model_id"":""f2a7398e-51f4-530a-8d46-b596fa28c7bb""},""title"":""scatter / الإيرادات 2026"",""type"":""scatter""}"
Widget Result,"{""columns"":[{""key"":""region"",""label"":""Region / المنطقة"",""role"":""dimension""},{""key"":""revenue"",""label"":""Revenue / الإيرادات"",""role"":""measure""},{""key"":""profit"",""label"":""Profit / الربح"",""role"":""measure""}],""render_hint"":{""direction"":""rtl"",""locale"":""ar-SA""},""row_count"":2,""rows"":[{""profit"":18,""region"":""Enterprise Riyadh / الرياض"",""revenue"":42},{""profit"":27,""region"":""Jeddah / جدة"",""revenue"":64}],""truncated"":false}"
Widget ID,747483a4-13a2-5deb-ba05-4497c374f010,Type,scatter
Grid Layout,x=0,y=0,w=12,h=4
Data
Region / المنطقة,Revenue / الإيرادات,Profit / الربح
Enterprise Riyadh / الرياض,42,18
Jeddah / جدة,64,27


Widget 13,gauge / الإيرادات 2026
Page Definition,"{""canvas"":{""columns"":12,""direction"":""rtl"",""theme"":""enterprise""},""key"":""page_13"",""name"":""Page 13 / الصفحة 13"",""position"":12,""title"":""gauge parity""}"
Widget Definition,"{""config"":{""aria_label"":""Accessible gauge / gauge متاح"",""axis"":{""x"":{""title"":""المنطقة / Region""},""y"":{""title"":""الإيرادات / Revenue""}},""background"":""#FFF7ED"",""border"":true,""color_scheme"":""sunset"",""conditional"":[{""color"":""#DC2626"",""value"":40,""when"":""gt""}],""currency"":""SAR"",""date_format"":""yyyy-MM-dd"",""decimals"":2,""image"":{""alt"":""شعار المؤسسة / Enterprise logo"",""fit"":""contain""},""legend_position"":""bottom"",""number_style"":""currency"",""padding"":12,""percentage"":false,""pivot"":{""rows"":[""region""],""values"":[""revenue""]},""show_gridlines"":true,""show_labels"":true,""show_legend"":true,""table"":{""sticky_header"":true,""wrap"":true}},""content"":null,""dataset_binding"":{""dataset_id"":""8d368c5f-9071-5abc-af65-1c0cb33336d4""},""description"":""Enterprise ثم العربية 123"",""filters"":[{""field"":""region"",""operator"":""equals"",""value"":""الرياض""}],""hidden"":false,""id"":""660aa08e-da58-5b47-8065-b9cbb38686b7"",""interactions"":{""crossFilter"":true,""drillDown"":true,""drillThrough"":""details"",""exportable"":true,""tooltip"":true},""layout"":{""h"":4,""w"":12,""x"":0,""y"":0},""locked"":true,""query"":{""dimensions"":[""region""],""filters"":[],""limit"":100,""metrics"":[""revenue"",""profit""],""order_by"":[{""direction"":""desc"",""field"":""revenue""}]},""result_metadata"":{""calculated_values"":[""revenue"",""profit""],""row_count"":2},""semantic_binding"":{""semantic_model_id"":""f2a7398e-51f4-530a-8d46-b596fa28c7bb""},""title"":""gauge / الإيرادات 2026"",""type"":""gauge""}"
Widget Result,"{""columns"":[{""key"":""region"",""label"":""Region / المنطقة"",""role"":""dimension""},{""key"":""revenue"",""label"":""Revenue / الإيرادات"",""role"":""measure""},{""key"":""profit"",""label"":""Profit / الربح"",""role"":""measure""}],""render_hint"":{""direction"":""rtl"",""locale"":""ar-SA""},""row_count"":2,""rows"":[{""profit"":18,""region"":""Enterprise Riyadh / الرياض"",""revenue"":42},{""profit"":27,""region"":""Jeddah / جدة"",""revenue"":64}],""truncated"":false}"
Widget ID,660aa08e-da58-5b47-8065-b9cbb38686b7,Type,gauge
Grid Layout,x=0,y=0,w=12,h=4
Data
Region / المنطقة,Revenue / الإيرادات,Profit / الربح
Enterprise Riyadh / الرياض,42,18
Jeddah / جدة,64,27


Widget 14,progress / الإيرادات 2026
Page Definition,"{""canvas"":{""columns"":12,""direction"":""rtl"",""theme"":""enterprise""},""key"":""page_14"",""name"":""Page 14 / الصفحة 14"",""position"":13,""title"":""progress parity""}"
Widget Definition,"{""config"":{""aria_label"":""Accessible progress / progress متاح"",""axis"":{""x"":{""title"":""المنطقة / Region""},""y"":{""title"":""الإيرادات / Revenue""}},""background"":""#FFF7ED"",""border"":true,""color_scheme"":""sunset"",""conditional"":[{""color"":""#DC2626"",""value"":40,""when"":""gt""}],""currency"":""SAR"",""date_format"":""yyyy-MM-dd"",""decimals"":2,""image"":{""alt"":""شعار المؤسسة / Enterprise logo"",""fit"":""contain""},""legend_position"":""bottom"",""number_style"":""currency"",""padding"":12,""percentage"":false,""pivot"":{""rows"":[""region""],""values"":[""revenue""]},""show_gridlines"":true,""show_labels"":true,""show_legend"":true,""table"":{""sticky_header"":true,""wrap"":true}},""content"":null,""dataset_binding"":{""dataset_id"":""8d368c5f-9071-5abc-af65-1c0cb33336d4""},""description"":""Enterprise ثم العربية 123"",""filters"":[{""field"":""region"",""operator"":""equals"",""value"":""الرياض""}],""hidden"":false,""id"":""9049a2aa-7184-576b-ad22-c96e409f8fca"",""interactions"":{""crossFilter"":true,""drillDown"":true,""drillThrough"":""details"",""exportable"":true,""tooltip"":true},""layout"":{""h"":4,""w"":12,""x"":0,""y"":0},""locked"":false,""query"":{""dimensions"":[""region""],""filters"":[],""limit"":100,""metrics"":[""revenue"",""profit""],""order_by"":[{""direction"":""desc"",""field"":""revenue""}]},""result_metadata"":{""calculated_values"":[""revenue"",""profit""],""row_count"":2},""semantic_binding"":{""semantic_model_id"":""f2a7398e-51f4-530a-8d46-b596fa28c7bb""},""title"":""progress / الإيرادات 2026"",""type"":""progress""}"
Widget Result,"{""columns"":[{""key"":""region"",""label"":""Region / المنطقة"",""role"":""dimension""},{""key"":""revenue"",""label"":""Revenue / الإيرادات"",""role"":""measure""},{""key"":""profit"",""label"":""Profit / الربح"",""role"":""measure""}],""render_hint"":{""direction"":""rtl"",""locale"":""ar-SA""},""row_count"":2,""rows"":[{""profit"":18,""region"":""Enterprise Riyadh / الرياض"",""revenue"":42},{""profit"":27,""region"":""Jeddah / جدة"",""revenue"":64}],""truncated"":false}"
Widget ID,9049a2aa-7184-576b-ad22-c96e409f8fca,Type,progress
Grid Layout,x=0,y=0,w=12,h=4
Data
Region / المنطقة,Revenue / الإيرادات,Profit / الربح
Enterprise Riyadh / الرياض,42,18
Jeddah / جدة,64,27


Widget 15,text / الإيرادات 2026
Page Definition,"{""canvas"":{""columns"":12,""direction"":""rtl"",""theme"":""enterprise""},""key"":""page_15"",""name"":""Page 15 / الصفحة 15"",""position"":14,""title"":""text parity""}"
Widget Definition,"{""config"":{""aria_label"":""Accessible text / text متاح"",""axis"":{""x"":{""title"":""المنطقة / Region""},""y"":{""title"":""الإيرادات / Revenue""}},""background"":""#FFF7ED"",""border"":true,""color_scheme"":""sunset"",""conditional"":[{""color"":""#DC2626"",""value"":40,""when"":""gt""}],""currency"":""SAR"",""date_format"":""yyyy-MM-dd"",""decimals"":2,""image"":{""alt"":""شعار المؤسسة / Enterprise logo"",""fit"":""contain""},""legend_position"":""bottom"",""number_style"":""currency"",""padding"":12,""percentage"":false,""pivot"":{""rows"":[""region""],""values"":[""revenue""]},""show_gridlines"":true,""show_labels"":true,""show_legend"":true,""table"":{""sticky_header"":true,""wrap"":true}},""content"":""ملاحظة Enterprise طويلة 2026 — القيمة ٤٢"",""dataset_binding"":{""dataset_id"":""8d368c5f-9071-5abc-af65-1c0cb33336d4""},""description"":""Enterprise ثم العربية 123"",""filters"":[{""field"":""region"",""operator"":""equals"",""value"":""الرياض""}],""hidden"":false,""id"":""65c8d9da-dae4-54ac-93d2-65d038aa4e4d"",""interactions"":{""crossFilter"":true,""drillDown"":true,""drillThrough"":""details"",""exportable"":true,""tooltip"":true},""layout"":{""h"":4,""w"":12,""x"":0,""y"":0},""locked"":true,""query"":{""dimensions"":[""region""],""filters"":[],""limit"":100,""metrics"":[""revenue"",""profit""],""order_by"":[{""direction"":""desc"",""field"":""revenue""}]},""result_metadata"":{""calculated_values"":[""revenue"",""profit""],""row_count"":2},""semantic_binding"":{""semantic_model_id"":""f2a7398e-51f4-530a-8d46-b596fa28c7bb""},""title"":""text / الإيرادات 2026"",""type"":""text""}"
Widget Result,"{""columns"":[{""key"":""region"",""label"":""Region / المنطقة"",""role"":""dimension""},{""key"":""revenue"",""label"":""Revenue / الإيرادات"",""role"":""measure""},{""key"":""profit"",""label"":""Profit / الربح"",""role"":""measure""}],""render_hint"":{""direction"":""rtl"",""locale"":""ar-SA""},""row_count"":2,""rows"":[{""profit"":18,""region"":""Enterprise Riyadh / الرياض"",""revenue"":42},{""profit"":27,""region"":""Jeddah / جدة"",""revenue"":64}],""truncated"":false}"
Widget ID,65c8d9da-dae4-54ac-93d2-65d038aa4e4d,Type,text
Grid Layout,x=0,y=0,w=12,h=4
Data
Region / المنطقة,Revenue / الإيرادات,Profit / الربح
Enterprise Riyadh / الرياض,42,18
Jeddah / جدة,64,27


Widget 16,rich-text / الإيرادات 2026
Page Definition,"{""canvas"":{""columns"":12,""direction"":""rtl"",""theme"":""enterprise""},""key"":""page_16"",""name"":""Page 16 / الصفحة 16"",""position"":15,""title"":""rich-text parity""}"
Widget Definition,"{""config"":{""aria_label"":""Accessible rich-text / rich-text متاح"",""axis"":{""x"":{""title"":""المنطقة / Region""},""y"":{""title"":""الإيرادات / Revenue""}},""background"":""#FFF7ED"",""border"":true,""color_scheme"":""sunset"",""conditional"":[{""color"":""#DC2626"",""value"":40,""when"":""gt""}],""currency"":""SAR"",""date_format"":""yyyy-MM-dd"",""decimals"":2,""image"":{""alt"":""شعار المؤسسة / Enterprise logo"",""fit"":""contain""},""legend_position"":""bottom"",""number_style"":""currency"",""padding"":12,""percentage"":false,""pivot"":{""rows"":[""region""],""values"":[""revenue""]},""show_gridlines"":true,""show_labels"":true,""show_legend"":true,""table"":{""sticky_header"":true,""wrap"":true}},""content"":""ملاحظة Enterprise طويلة 2026 — القيمة ٤٢"",""dataset_binding"":{""dataset_id"":""8d368c5f-9071-5abc-af65-1c0cb33336d4""},""description"":""Enterprise ثم العربية 123"",""filters"":[{""field"":""region"",""operator"":""equals"",""value"":""الرياض""}],""hidden"":false,""id"":""419858da-ad4c-56ce-bc3f-477c4f89b945"",""interactions"":{""crossFilter"":true,""drillDown"":true,""drillThrough"":""details"",""exportable"":true,""tooltip"":true},""layout"":{""h"":4,""w"":12,""x"":0,""y"":0},""locked"":false,""query"":{""dimensions"":[""region""],""filters"":[],""limit"":100,""metrics"":[""revenue"",""profit""],""order_by"":[{""direction"":""desc"",""field"":""revenue""}]},""result_metadata"":{""calculated_values"":[""revenue"",""profit""],""row_count"":2},""semantic_binding"":{""semantic_model_id"":""f2a7398e-51f4-530a-8d46-b596fa28c7bb""},""title"":""rich-text / الإيرادات 2026"",""type"":""rich-text""}"
Widget Result,"{""columns"":[{""key"":""region"",""label"":""Region / المنطقة"",""role"":""dimension""},{""key"":""revenue"",""label"":""Revenue / الإيرادات"",""role"":""measure""},{""key"":""profit"",""label"":""Profit / الربح"",""role"":""measure""}],""render_hint"":{""direction"":""rtl"",""locale"":""ar-SA""},""row_count"":2,""rows"":[{""profit"":18,""region"":""Enterprise Riyadh / الرياض"",""revenue"":42},{""profit"":27,""region"":""Jeddah / جدة"",""revenue"":64}],""truncated"":false}"
Widget ID,419858da-ad4c-56ce-bc3f-477c4f89b945,Type,rich-text
Grid Layout,x=0,y=0,w=12,h=4
Data
Region / المنطقة,Revenue / الإيرادات,Profit / الربح
Enterprise Riyadh / الرياض,42,18
Jeddah / جدة,64,27


Widget 17,image / الإيرادات 2026
Page Definition,"{""canvas"":{""columns"":12,""direction"":""rtl"",""theme"":""enterprise""},""key"":""page_17"",""name"":""Page 17 / الصفحة 17"",""position"":16,""title"":""image parity""}"
Widget Definition,"{""config"":{""aria_label"":""Accessible image / image متاح"",""axis"":{""x"":{""title"":""المنطقة / Region""},""y"":{""title"":""الإيرادات / Revenue""}},""background"":""#FFF7ED"",""border"":true,""color_scheme"":""sunset"",""conditional"":[{""color"":""#DC2626"",""value"":40,""when"":""gt""}],""currency"":""SAR"",""date_format"":""yyyy-MM-dd"",""decimals"":2,""image"":{""alt"":""شعار المؤسسة / Enterprise logo"",""fit"":""contain""},""legend_position"":""bottom"",""number_style"":""currency"",""padding"":12,""percentage"":false,""pivot"":{""rows"":[""region""],""values"":[""revenue""]},""show_gridlines"":true,""show_labels"":true,""show_legend"":true,""table"":{""sticky_header"":true,""wrap"":true}},""content"":""ملاحظة Enterprise طويلة 2026 — القيمة ٤٢"",""dataset_binding"":{""dataset_id"":""8d368c5f-9071-5abc-af65-1c0cb33336d4""},""description"":""Enterprise ثم العربية 123"",""filters"":[{""field"":""region"",""operator"":""equals"",""value"":""الرياض""}],""hidden"":false,""id"":""16114c69-0772-5173-8bb1-23de226cbd4b"",""interactions"":{""crossFilter"":true,""drillDown"":true,""drillThrough"":""details"",""exportable"":true,""tooltip"":true},""layout"":{""h"":4,""w"":12,""x"":0,""y"":0},""locked"":true,""query"":{""dimensions"":[""region""],""filters"":[],""limit"":100,""metrics"":[""revenue"",""profit""],""order_by"":[{""direction"":""desc"",""field"":""revenue""}]},""result_metadata"":{""calculated_values"":[""revenue"",""profit""],""row_count"":2},""semantic_binding"":{""semantic_model_id"":""f2a7398e-51f4-530a-8d46-b596fa28c7bb""},""title"":""image / الإيرادات 2026"",""type"":""image""}"
Widget Result,"{""columns"":[{""key"":""region"",""label"":""Region / المنطقة"",""role"":""dimension""},{""key"":""revenue"",""label"":""Revenue / الإيرادات"",""role"":""measure""},{""key"":""profit"",""label"":""Profit / الربح"",""role"":""measure""}],""render_hint"":{""direction"":""rtl"",""locale"":""ar-SA""},""row_count"":2,""rows"":[{""profit"":18,""region"":""Enterprise Riyadh / الرياض"",""revenue"":42},{""profit"":27,""region"":""Jeddah / جدة"",""revenue"":64}],""truncated"":false}"
Widget ID,16114c69-0772-5173-8bb1-23de226cbd4b,Type,image
Grid Layout,x=0,y=0,w=12,h=4
Data
Region / المنطقة,Revenue / الإيرادات,Profit / الربح
Enterprise Riyadh / الرياض,42,18
Jeddah / جدة,64,27


Widget 18,filter / الإيرادات 2026
Page Definition,"{""canvas"":{""columns"":12,""direction"":""rtl"",""theme"":""enterprise""},""key"":""page_18"",""name"":""Page 18 / الصفحة 18"",""position"":17,""title"":""filter parity""}"
Widget Definition,"{""config"":{""aria_label"":""Accessible filter / filter متاح"",""axis"":{""x"":{""title"":""المنطقة / Region""},""y"":{""title"":""الإيرادات / Revenue""}},""background"":""#FFF7ED"",""border"":true,""color_scheme"":""sunset"",""conditional"":[{""color"":""#DC2626"",""value"":40,""when"":""gt""}],""currency"":""SAR"",""date_format"":""yyyy-MM-dd"",""decimals"":2,""image"":{""alt"":""شعار المؤسسة / Enterprise logo"",""fit"":""contain""},""legend_position"":""bottom"",""number_style"":""currency"",""padding"":12,""percentage"":false,""pivot"":{""rows"":[""region""],""values"":[""revenue""]},""show_gridlines"":true,""show_labels"":true,""show_legend"":true,""table"":{""sticky_header"":true,""wrap"":true}},""content"":""ملاحظة Enterprise طويلة 2026 — القيمة ٤٢"",""dataset_binding"":{""dataset_id"":""8d368c5f-9071-5abc-af65-1c0cb33336d4""},""description"":""Enterprise ثم العربية 123"",""filters"":[{""field"":""region"",""operator"":""equals"",""value"":""الرياض""}],""hidden"":false,""id"":""e9b4f621-c07f-5b06-a3b7-b4a0127e7378"",""interactions"":{""crossFilter"":true,""drillDown"":true,""drillThrough"":""details"",""exportable"":true,""tooltip"":true},""layout"":{""h"":4,""w"":12,""x"":0,""y"":0},""locked"":false,""query"":{""dimensions"":[""region""],""filters"":[],""limit"":100,""metrics"":[""revenue"",""profit""],""order_by"":[{""direction"":""desc"",""field"":""revenue""}]},""result_metadata"":{""calculated_values"":[""revenue"",""profit""],""row_count"":2},""semantic_binding"":{""semantic_model_id"":""f2a7398e-51f4-530a-8d46-b596fa28c7bb""},""title"":""filter / الإيرادات 2026"",""type"":""filter""}"
Widget Result,"{""columns"":[{""key"":""region"",""label"":""Region / المنطقة"",""role"":""dimension""},{""key"":""revenue"",""label"":""Revenue / الإيرادات"",""role"":""measure""},{""key"":""profit"",""label"":""Profit / الربح"",""role"":""measure""}],""render_hint"":{""direction"":""rtl"",""locale"":""ar-SA""},""row_count"":2,""rows"":[{""profit"":18,""region"":""Enterprise Riyadh / الرياض"",""revenue"":42},{""profit"":27,""region"":""Jeddah / جدة"",""revenue"":64}],""truncated"":false}"
Widget ID,e9b4f621-c07f-5b06-a3b7-b4a0127e7378,Type,filter
Grid Layout,x=0,y=0,w=12,h=4
Data
Region / المنطقة,Revenue / الإيرادات,Profit / الربح
Enterprise Riyadh / الرياض,42,18
Jeddah / جدة,64,27


Widget 19,date-filter / الإيرادات 2026
Page Definition,"{""canvas"":{""columns"":12,""direction"":""rtl"",""theme"":""enterprise""},""key"":""page_19"",""name"":""Page 19 / الصفحة 19"",""position"":18,""title"":""date-filter parity""}"
Widget Definition,"{""config"":{""aria_label"":""Accessible date-filter / date-filter متاح"",""axis"":{""x"":{""title"":""المنطقة / Region""},""y"":{""title"":""الإيرادات / Revenue""}},""background"":""#FFF7ED"",""border"":true,""color_scheme"":""sunset"",""conditional"":[{""color"":""#DC2626"",""value"":40,""when"":""gt""}],""currency"":""SAR"",""date_format"":""yyyy-MM-dd"",""decimals"":2,""image"":{""alt"":""شعار المؤسسة / Enterprise logo"",""fit"":""contain""},""legend_position"":""bottom"",""number_style"":""currency"",""padding"":12,""percentage"":false,""pivot"":{""rows"":[""region""],""values"":[""revenue""]},""show_gridlines"":true,""show_labels"":true,""show_legend"":true,""table"":{""sticky_header"":true,""wrap"":true}},""content"":""ملاحظة Enterprise طويلة 2026 — القيمة ٤٢"",""dataset_binding"":{""dataset_id"":""8d368c5f-9071-5abc-af65-1c0cb33336d4""},""description"":""Enterprise ثم العربية 123"",""filters"":[{""field"":""region"",""operator"":""equals"",""value"":""الرياض""}],""hidden"":false,""id"":""761a4bfd-d534-5d35-8c3c-18508223e4ee"",""interactions"":{""crossFilter"":true,""drillDown"":true,""drillThrough"":""details"",""exportable"":true,""tooltip"":true},""layout"":{""h"":4,""w"":12,""x"":0,""y"":0},""locked"":true,""query"":{""dimensions"":[""region""],""filters"":[],""limit"":100,""metrics"":[""revenue"",""profit""],""order_by"":[{""direction"":""desc"",""field"":""revenue""}]},""result_metadata"":{""calculated_values"":[""revenue"",""profit""],""row_count"":2},""semantic_binding"":{""semantic_model_id"":""f2a7398e-51f4-530a-8d46-b596fa28c7bb""},""title"":""date-filter / الإيرادات 2026"",""type"":""date-filter""}"
Widget Result,"{""columns"":[{""key"":""region"",""label"":""Region / المنطقة"",""role"":""dimension""},{""key"":""revenue"",""label"":""Revenue / الإيرادات"",""role"":""measure""},{""key"":""profit"",""label"":""Profit / الربح"",""role"":""measure""}],""render_hint"":{""direction"":""rtl"",""locale"":""ar-SA""},""row_count"":2,""rows"":[{""profit"":18,""region"":""Enterprise Riyadh / الرياض"",""revenue"":42},{""profit"":27,""region"":""Jeddah / جدة"",""revenue"":64}],""truncated"":false}"
Widget ID,761a4bfd-d534-5d35-8c3c-18508223e4ee,Type,date-filter
Grid Layout,x=0,y=0,w=12,h=4
Data
Region / المنطقة,Revenue / الإيرادات,Profit / الربح
Enterprise Riyadh / الرياض,42,18
Jeddah / جدة,64,27


Widget 20,map / الإيرادات 2026
Page Definition,"{""canvas"":{""columns"":12,""direction"":""rtl"",""theme"":""enterprise""},""key"":""page_20"",""name"":""Page 20 / الصفحة 20"",""position"":19,""title"":""map parity""}"
Widget Definition,"{""config"":{""aria_label"":""Accessible map / map متاح"",""axis"":{""x"":{""title"":""المنطقة / Region""},""y"":{""title"":""الإيرادات / Revenue""}},""background"":""#FFF7ED"",""border"":true,""color_scheme"":""sunset"",""conditional"":[{""color"":""#DC2626"",""value"":40,""when"":""gt""}],""currency"":""SAR"",""date_format"":""yyyy-MM-dd"",""decimals"":2,""image"":{""alt"":""شعار المؤسسة / Enterprise logo"",""fit"":""contain""},""legend_position"":""bottom"",""number_style"":""currency"",""padding"":12,""percentage"":false,""pivot"":{""rows"":[""region""],""values"":[""revenue""]},""show_gridlines"":true,""show_labels"":true,""show_legend"":true,""table"":{""sticky_header"":true,""wrap"":true}},""content"":""ملاحظة Enterprise طويلة 2026 — القيمة ٤٢"",""dataset_binding"":{""dataset_id"":""8d368c5f-9071-5abc-af65-1c0cb33336d4""},""description"":""Enterprise ثم العربية 123"",""filters"":[{""field"":""region"",""operator"":""equals"",""value"":""الرياض""}],""hidden"":false,""id"":""e9428dc4-be0d-5acd-9b63-68c1d2885ff7"",""interactions"":{""crossFilter"":true,""drillDown"":true,""drillThrough"":""details"",""exportable"":true,""tooltip"":true},""layout"":{""h"":4,""w"":12,""x"":0,""y"":0},""locked"":false,""query"":{""dimensions"":[""region""],""filters"":[],""limit"":100,""metrics"":[""revenue"",""profit""],""order_by"":[{""direction"":""desc"",""field"":""revenue""}]},""result_metadata"":{""calculated_values"":[""revenue"",""profit""],""row_count"":2},""semantic_binding"":{""semantic_model_id"":""f2a7398e-51f4-530a-8d46-b596fa28c7bb""},""title"":""map / الإيرادات 2026"",""type"":""map""}"
Widget Result,"{""columns"":[{""key"":""region"",""label"":""Region / المنطقة"",""role"":""dimension""},{""key"":""revenue"",""label"":""Revenue / الإيرادات"",""role"":""measure""},{""key"":""profit"",""label"":""Profit / الربح"",""role"":""measure""}],""render_hint"":{""direction"":""rtl"",""locale"":""ar-SA""},""row_count"":2,""rows"":[{""profit"":18,""region"":""Enterprise Riyadh / الرياض"",""revenue"":42},{""profit"":27,""region"":""Jeddah / جدة"",""revenue"":64}],""truncated"":false}"
Widget ID,e9428dc4-be0d-5acd-9b63-68c1d2885ff7,Type,map
Grid Layout,x=0,y=0,w=12,h=4
Data
Region / المنطقة,Revenue / الإيرادات,Profit / الربح
Enterprise Riyadh / الرياض,42,18
Jeddah / جدة,64,27
